ticket,category,clean_ticket
Can you help me? When does my subscription expire? Please help me with this issue.,Subscription,
I am facing an issue where I want to cancel my subscription What should I do?,Subscription,
"Please help me, The refund was approved but I have not received it What should I do?",Refund,
Could you please help? Can I cancel my order? Please look into this.,Cancellation,
Can you help me? I am unable to sign in I need assistance.,Account Issue,
"Please help me, The app crashes whenever I open it What should I do?",Technical Issue,
I need help because Can I get a refund for this order? I need assistance.,Refund,
Could you please help? I want a refund Please help me with this issue.,Refund,
I am having trouble accessing my account Can you check this?,Account Issue,
I am facing an issue where My delivery is late Can you check this?,Delivery Issue,
I need assistance because Can I get a refund for this order? Can you check this?,Refund,
"Please help me, I no longer want this order I need assistance.",Cancellation,
Can you help me? There is a technical problem Please look into this.,Technical Issue,
I am facing an issue where Cancel my recent order Please help me with this issue.,Cancellation,
I am having a problem because When will my package be delivered? I need assistance.,Delivery Issue,
Could you please help? How can I stop automatic renewal?,Subscription,
"Please help me, When will I receive my refund? Please look into this.",Refund,
Can you help me? My transaction failed Please look into this.,Payment Issue,
I am facing an issue where I want to cancel before it is shipped Please look into this.,Cancellation,
I am having a problem because Please stop my order I need assistance.,Cancellation,
I am facing an issue where The app keeps crashing Can you check this?,Technical Issue,
Could you please help? The payment was successful but the order was cancelled,Payment Issue,
My account login is not working I need assistance.,Account Issue,
I need assistance because Cancel my recent order Please help.,Cancellation,
I am having a problem because How do I update my phone number? Can you resolve this?,Account Issue,
I am facing an issue where The checkout page is not loading,Technical Issue,
"Please help me, The payment was successful but the order was cancelled",Payment Issue,
Can you help me? Can you cancel my order? Please help.,Cancellation,
Why is my refund delayed? Please look into this.,Refund,
I need help because I received the wrong product Can you check this?,Order Issue,
I need assistance because My payment was deducted but the order was not placed,Payment Issue,
I need help because My UPI payment failed Please look into this.,Payment Issue,
Could you please help? The application is not responding What should I do?,Technical Issue,
Can you help me? I want to cancel before it is shipped Can you resolve this?,Cancellation,
"Please help me, I placed the order by mistake Please help.",Cancellation,
Can you help me? When will my package be delivered?,Delivery Issue,
I need assistance because There is a technical problem Please help.,Technical Issue,
I am having a problem because Please cancel this transaction Can you check this?,Cancellation,
Could you please help? Please cancel my purchase Can you check this?,Cancellation,
I am facing an issue where I need to cancel an order Please help me with this issue.,Cancellation,
Could you please help? I was charged twice for the same transaction,Payment Issue,
I need assistance because I was charged twice for the same transaction,Payment Issue,
I am having a problem because Please stop my order Please help me with this issue.,Cancellation,
My account login is not working What should I do?,Account Issue,
I am facing an issue where I was charged but my order still shows as unpaid,Payment Issue,
Can you help me? My order details are incorrect What should I do?,Order Issue,
I am having a problem because How can I manage my subscription? Please help.,Subscription,
I was charged twice for one order Please help.,Payment Issue,
Something is missing from my order I need assistance.,Order Issue,
I need assistance because I have been waiting for my order I need assistance.,Delivery Issue,
I am having a problem because Can I get a refund for this order? Please help.,Refund,
I need assistance because The item I received is not what I purchased Please help.,Order Issue,
Could you please help? The refund was approved but I have not received it Please look into this.,Refund,
I am facing an issue where How can I stop automatic renewal? Please look into this.,Subscription,
I need help because My order details are incorrect,Order Issue,
I am having a problem because How do I cancel a purchase? Please look into this.,Cancellation,
I am facing an issue where Can you tell me where my package is? Please help me with this issue.,Delivery Issue,
I am facing an issue where The tracking information has not updated Please help.,Delivery Issue,
I am having a problem because Where is my refund? Please help me with this issue.,Refund,
"Please help me, I need to cancel an order",Cancellation,
I need help because Can I cancel my order? Please help.,Cancellation,
"Please help me, My account login is not working What should I do?",Account Issue,
I am facing an issue where Why did my card payment fail? What should I do?,Payment Issue,
I am having a problem because I am unable to use the checkout page Please help.,Technical Issue,
"Please help me, I received the wrong product",Order Issue,
I am facing an issue where I was charged twice for one order Please help.,Payment Issue,
I need assistance because How can I manage my subscription? Can you check this?,Subscription,
I need assistance because The money was deducted from my account but the payment failed I need assistance.,Payment Issue,
I am having a problem because How can I reset my password? Can you check this?,Account Issue,
Can you help me? I received a damaged product What should I do?,Order Issue,
I am facing an issue where The payment keeps getting declined I need assistance.,Payment Issue,
I am facing an issue where Where is my package? Can you resolve this?,Delivery Issue,
I am facing an issue where Why is my payment pending? Can you check this?,Payment Issue,
I need help because I forgot my login details,Account Issue,
Could you please help? The product I received is different from what I ordered I need assistance.,Order Issue,
I am having a problem because The money was deducted from my account but the payment failed I need assistance.,Payment Issue,
"Please help me, Why is my refund delayed? Can you check this?",Refund,
I need help because My transaction failed Please look into this.,Payment Issue,
My order is showing the wrong item Please look into this.,Order Issue,
Could you please help? My shipment is stuck in transit Please help me with this issue.,Delivery Issue,
I am facing an issue where I forgot my password What should I do?,Account Issue,
Can you help me? I received a damaged product,Order Issue,
I need assistance because The app keeps crashing Please help.,Technical Issue,
How can I reset my password? Please look into this.,Account Issue,
I need assistance because I am unable to sign in,Account Issue,
I am having a problem because The app keeps crashing Please look into this.,Technical Issue,
I need assistance because The payment gateway is not working Please look into this.,Payment Issue,
"Please help me, Where is my package? I need assistance.",Delivery Issue,
I was charged for a subscription I cancelled Please look into this.,Subscription,
Can you help me? I made a payment but it is still showing as pending Can you check this?,Payment Issue,
I am unable to sign in Please help me with this issue.,Account Issue,
I need help because Please cancel my purchase Can you resolve this?,Cancellation,
I need assistance because The delivery date has passed What should I do?,Delivery Issue,
"Please help me, I want to cancel my order I need assistance.",Cancellation,
Can you help me? My UPI payment failed Can you resolve this?,Payment Issue,
I am having a problem because I am unable to use the checkout page Please help me with this issue.,Technical Issue,
I am facing an issue where The website keeps showing an error What should I do?,Technical Issue,
"Please help me, I need my money back What should I do?",Refund,
"Please help me, How can I request a refund?",Refund,
How can I stop automatic renewal? Please help.,Subscription,
Could you please help? Please stop my order Please look into this.,Cancellation,
"Please help me, I received the wrong size Please look into this.",Order Issue,
The product I received is damaged What should I do?,Order Issue,
I need assistance because The application is not responding What should I do?,Technical Issue,
"Please help me, How long does a refund take? Can you check this?",Refund,
I need help because The payment was successful but the order was cancelled Can you check this?,Payment Issue,
Can you help me? When will I receive my refund? What should I do?,Refund,
I am having a problem because How can I request a refund? I need assistance.,Refund,
I need assistance because I want to cancel before it is shipped What should I do?,Cancellation,
I am facing an issue where How long does a refund take?,Refund,
Could you please help? I am getting an error message I need assistance.,Technical Issue,
I am having a problem because There is a technical problem What should I do?,Technical Issue,
Can you help me? My subscription payment failed Can you check this?,Subscription,
Can you help me? I no longer want this order What should I do?,Cancellation,
Can you help me? My delivery is late What should I do?,Delivery Issue,
Can you help me? The app keeps crashing I need assistance.,Technical Issue,
"Please help me, The payment keeps getting declined Please help me with this issue.",Payment Issue,
I need help because The app keeps crashing Please help me with this issue.,Technical Issue,
"Please help me, I made a payment but it is still showing as pending Please help me with this issue.",Payment Issue,
I am having a problem because The money was deducted from my account but the payment failed Please help me with this issue.,Payment Issue,
"Please help me, The item I received is not what I purchased Please help.",Order Issue,
The payment was successful but the order was cancelled Can you check this?,Payment Issue,
I need assistance because The product I received is damaged Please look into this.,Order Issue,
"Please help me, I received the wrong product Can you check this?",Order Issue,
Cancel my recent order Please look into this.,Cancellation,
Could you please help? Why was I charged for my subscription? Can you check this?,Subscription,
Could you please help? I cannot use the website What should I do?,Technical Issue,
I need help because My UPI payment failed What should I do?,Payment Issue,
Can you help me? I want to cancel the purchase,Cancellation,
I am having a problem because Please stop my order Can you check this?,Cancellation,
I need assistance because Can I get a refund for this order? What should I do?,Refund,
Could you please help? I received a damaged product Can you resolve this?,Order Issue,
I am having a problem because The app keeps crashing Please help me with this issue.,Technical Issue,
I am having a problem because My shipment is stuck in transit Can you check this?,Delivery Issue,
I need help because I was charged but my order still shows as unpaid What should I do?,Payment Issue,
I am facing an issue where How can I stop automatic renewal? Can you resolve this?,Subscription,
Can you help me? I have been waiting for my order Can you check this?,Delivery Issue,
I want to cancel the purchase I need assistance.,Cancellation,
Could you please help? I am getting an error message Please help me with this issue.,Technical Issue,
I am unable to sign in I need assistance.,Account Issue,
I need assistance because The app is very slow Can you check this?,Technical Issue,
Could you please help? Please cancel this transaction Please help me with this issue.,Cancellation,
I need assistance because I cannot complete my payment Can you resolve this?,Payment Issue,
I am facing an issue where My subscription payment failed I need assistance.,Subscription,
I am getting an error message Please help.,Technical Issue,
I need help because One item is missing from my order,Order Issue,
Can you help me? I cannot open the application I need assistance.,Technical Issue,
Could you please help? There is an item missing from my package What should I do?,Order Issue,
I am facing an issue where One item is missing from my order,Order Issue,
I am having a problem because My account is locked Can you resolve this?,Account Issue,
I am facing an issue where I was charged twice for one order What should I do?,Payment Issue,
Could you please help? I want to update my account information Can you check this?,Account Issue,
I need help because Can you cancel my order? Can you resolve this?,Cancellation,
I am facing an issue where I was charged twice for one order I need assistance.,Payment Issue,
Can you help me? My order is showing the wrong item Can you check this?,Order Issue,
I am having a problem because I want to downgrade my plan Please help.,Subscription,
I need assistance because I was charged twice for one order Can you resolve this?,Payment Issue,
Can you help me? How can I cancel my order? Can you check this?,Cancellation,
I need assistance because Can you tell me where my package is? Can you check this?,Delivery Issue,
Can you help me? How do I update my phone number? Can you resolve this?,Account Issue,
I am facing an issue where My package has not been delivered Please look into this.,Delivery Issue,
I am facing an issue where I am unable to sign in What should I do?,Account Issue,
Could you please help? I need help with my subscription Please help.,Subscription,
Please process my refund Please help.,Refund,
Could you please help? My order is incomplete Can you resolve this?,Order Issue,
I need help because I want to downgrade my plan Please look into this.,Subscription,
I need help because I need help with my subscription Please look into this.,Subscription,
Could you please help? Please process my refund Can you check this?,Refund,
Can you help me? The website keeps showing an error I need assistance.,Technical Issue,
I need assistance because My delivery is late Can you check this?,Delivery Issue,
I want to cancel my order Please help me with this issue.,Cancellation,
I am facing an issue where How can I upgrade my subscription? Please look into this.,Subscription,
I need assistance because When will I receive my refund? Can you resolve this?,Refund,
I am having a problem because I want to update my account information Please help.,Account Issue,
How do I update my phone number? I need assistance.,Account Issue,
I need help because I received a damaged product Please help me with this issue.,Order Issue,
I need assistance because How do I renew my subscription? What should I do?,Subscription,
"Please help me, When will my package be delivered? What should I do?",Delivery Issue,
Could you please help? I was charged for a subscription I cancelled Please look into this.,Subscription,
I need assistance because I cannot open the application Please look into this.,Technical Issue,
Could you please help? My order is incomplete Please help.,Order Issue,
Can you help me? I am unable to use the checkout page,Technical Issue,
I need assistance because How can I request a refund? Can you check this?,Refund,
Could you please help? My account login is not working Please look into this.,Account Issue,
I need assistance because The delivery is taking longer than expected Please help me with this issue.,Delivery Issue,
I am facing an issue where How do I change my email address? I need assistance.,Account Issue,
Can you help me? When does my subscription expire? I need assistance.,Subscription,
I am facing an issue where My password is not working Please look into this.,Account Issue,
"Please help me, Cancel my recent order Please help me with this issue.",Cancellation,
I received a damaged product Can you resolve this?,Order Issue,
Could you please help? My order is still in transit Please help me with this issue.,Delivery Issue,
"Please help me, How can I manage my subscription? Please help.",Subscription,
I need assistance because How do I cancel a purchase?,Cancellation,
Could you please help? I received the wrong size I need assistance.,Order Issue,
"Please help me, The payment keeps getting declined Can you check this?",Payment Issue,
Could you please help? The app crashes whenever I open it Can you resolve this?,Technical Issue,
"Please help me, I want to cancel my subscription I need assistance.",Subscription,
I am having a problem because The delivery is taking longer than expected Can you resolve this?,Delivery Issue,
Can you help me? My package has not been delivered Can you resolve this?,Delivery Issue,
I need help because Can I get a refund for this order? Please help me with this issue.,Refund,
I need help because I made a payment but it is still showing as pending Please help me with this issue.,Payment Issue,
Could you please help? The checkout page is not loading Please help.,Technical Issue,
"Please help me, My transaction failed Can you resolve this?",Payment Issue,
I am facing an issue where How can I request a refund? Can you check this?,Refund,
Something is missing from my order,Order Issue,
Could you please help? The money was deducted from my account but the payment failed Please help me with this issue.,Payment Issue,
I am facing an issue where The delivery date has passed Please look into this.,Delivery Issue,
I am getting an error message Please look into this.,Technical Issue,
I am having a problem because Please cancel my purchase What should I do?,Cancellation,
I need assistance because Please cancel this transaction Can you resolve this?,Cancellation,
My password is not working Can you resolve this?,Account Issue,
Could you please help? I cannot access my account,Account Issue,
I need assistance because The application is not responding Can you resolve this?,Technical Issue,
Could you please help? The delivery is taking longer than expected I need assistance.,Delivery Issue,
I need help because Please process my refund Please help me with this issue.,Refund,
Could you please help? My money has not been refunded Can you resolve this?,Refund,
Can you help me? My subscription payment failed Please look into this.,Subscription,
Could you please help? My payment was deducted but the order was not placed,Payment Issue,
I am having a problem because I have been waiting for my order Please help.,Delivery Issue,
I am having a problem because Cancel my recent order Please help.,Cancellation,
I am facing an issue where How can I request a refund? Please look into this.,Refund,
I need help because The app keeps crashing Can you resolve this?,Technical Issue,
I am having a problem because The application stopped working Please help.,Technical Issue,
"Please help me, The app crashes whenever I open it",Technical Issue,
Could you please help? My delivery is late Can you check this?,Delivery Issue,
How can I cancel my order? Can you check this?,Cancellation,
Can you help me? My transaction failed Please help.,Payment Issue,
Can you help me? My shipment is stuck in transit,Delivery Issue,
I am having a problem because My package is delayed Can you check this?,Delivery Issue,
I need help because I want to change my subscription plan What should I do?,Subscription,
I need assistance because I want to update my account information Please help me with this issue.,Account Issue,
"Please help me, I received the wrong product I need assistance.",Order Issue,
I need help because I am getting an error message Please look into this.,Technical Issue,
Can you help me? Something is missing from my order What should I do?,Order Issue,
"Please help me, I need help with my subscription Can you resolve this?",Subscription,
I am having a problem because I want to cancel my order Please look into this.,Cancellation,
I need assistance because My payment was deducted but the order was not placed Please help.,Payment Issue,
Can you help me? Why is my delivery taking so long?,Delivery Issue,
Could you please help? The wrong product was delivered Can you check this?,Order Issue,
Can you help me? How can I cancel my order?,Cancellation,
I am having a problem because My order is incomplete What should I do?,Order Issue,
I am facing an issue where Something is missing from my order What should I do?,Order Issue,
I am facing an issue where I forgot my login details I need assistance.,Account Issue,
I am facing an issue where I want to change my subscription plan I need assistance.,Subscription,
I am facing an issue where How can I upgrade my subscription? Please help.,Subscription,
"Please help me, I was charged but my order still shows as unpaid Please help me with this issue.",Payment Issue,
"Please help me, How can I upgrade my subscription? What should I do?",Subscription,
Could you please help? Please process my refund What should I do?,Refund,
Can you help me? When will my package be delivered? Can you check this?,Delivery Issue,
I need assistance because Cancel my recent order Can you resolve this?,Cancellation,
I am facing an issue where My package is delayed What should I do?,Delivery Issue,
I am having a problem because Why is my delivery taking so long? Please look into this.,Delivery Issue,
I need help because I was charged for a subscription I cancelled Can you check this?,Subscription,
I need help because My package has not been delivered,Delivery Issue,
Could you please help? The page keeps freezing Please help me with this issue.,Technical Issue,
I am facing an issue where I placed the order by mistake I need assistance.,Cancellation,
I need help because My order contains the wrong product I need assistance.,Order Issue,
I need help because The product I received is damaged Please help me with this issue.,Order Issue,
"Please help me, My package has not been delivered Please help.",Delivery Issue,
I need assistance because I want to cancel the purchase,Cancellation,
I am having a problem because The website is showing an error Can you resolve this?,Technical Issue,
Can you help me? I need to cancel an order I need assistance.,Cancellation,
I need help because Why is my delivery taking so long? Can you check this?,Delivery Issue,
The product I received is damaged Please look into this.,Order Issue,
I am facing an issue where I need help with my subscription Please help.,Subscription,
I am having a problem because How can I reset my password? Please look into this.,Account Issue,
I am having a problem because My order is incomplete Can you resolve this?,Order Issue,
I need assistance because The item I received is not what I purchased,Order Issue,
I need help because I need to cancel an order,Cancellation,
"Please help me, My password is not working Please look into this.",Account Issue,
The refund was approved but I have not received it Please look into this.,Refund,
Could you please help? My order has not arrived yet What should I do?,Delivery Issue,
I need help because My order is still in transit Please look into this.,Delivery Issue,
Could you please help? I was charged for a subscription I cancelled What should I do?,Subscription,
"Please help me, My package has not been delivered I need assistance.",Delivery Issue,
I need assistance because The money was deducted from my account but the payment failed Please help.,Payment Issue,
I am facing an issue where I forgot my login details Please help.,Account Issue,
Could you please help? My order contains a damaged item I need assistance.,Order Issue,
I am facing an issue where My UPI payment failed Please help me with this issue.,Payment Issue,
I am having a problem because I was charged for a subscription I cancelled,Subscription,
I am facing an issue where I cannot access my account What should I do?,Account Issue,
"Please help me, The page keeps freezing",Technical Issue,
I am having a problem because How can I upgrade my subscription? Please help me with this issue.,Subscription,
I need assistance because Please process my refund Please help.,Refund,
I need help because I received a damaged product Can you check this?,Order Issue,
Can you help me? The wrong product was delivered Please help me with this issue.,Order Issue,
"Please help me, My money has not been refunded",Refund,
"Please help me, How can I stop automatic renewal? Please help.",Subscription,
I need help because One item is missing from my order Please help.,Order Issue,
I need help because My UPI payment failed I need assistance.,Payment Issue,
I am having a problem because My money has not been refunded Please help me with this issue.,Refund,
I am facing an issue where My transaction failed Can you check this?,Payment Issue,
I am facing an issue where My delivery is late What should I do?,Delivery Issue,
I am facing an issue where My refund has not arrived,Refund,
I need help because The application stopped working Please look into this.,Technical Issue,
I need assistance because Please refund my order Please help.,Refund,
Could you please help? Can you cancel my order? Please look into this.,Cancellation,
I need help because The refund was approved but I have not received it Please look into this.,Refund,
I am facing an issue where Why did my card payment fail? Can you resolve this?,Payment Issue,
"Please help me, I cannot complete my payment Please help me with this issue.",Payment Issue,
"Please help me, I made a payment but it is still showing as pending Please look into this.",Payment Issue,
Can you help me? The app is very slow What should I do?,Technical Issue,
"Please help me, I want to cancel my subscription",Subscription,
I need help because How long does a refund take? Can you resolve this?,Refund,
Could you please help? I want to cancel my subscription Please look into this.,Subscription,
I am having a problem because I cannot remember my password What should I do?,Account Issue,
I need help because I am having trouble accessing my account Please look into this.,Account Issue,
Can you help me? My shipment is stuck in transit Please help.,Delivery Issue,
"Please help me, Where is my package? Please help me with this issue.",Delivery Issue,
I need assistance because I want to cancel my order Please look into this.,Cancellation,
I need help because I want to cancel before it is shipped Can you check this?,Cancellation,
"Please help me, My package has not been delivered",Delivery Issue,
The application is not responding What should I do?,Technical Issue,
I am facing an issue where There is a technical problem Please look into this.,Technical Issue,
When will my package be delivered? Can you resolve this?,Delivery Issue,
I need help because The item I received is not what I purchased What should I do?,Order Issue,
I am having a problem because Why is my payment pending?,Payment Issue,
I need assistance because My order has not arrived yet Please look into this.,Delivery Issue,
Can you help me? The item I received is not what I purchased Please help me with this issue.,Order Issue,
Can you help me? My order is still in transit,Delivery Issue,
I am facing an issue where The delivery is taking longer than expected I need assistance.,Delivery Issue,
I am facing an issue where My payment failed while placing the order Please help me with this issue.,Payment Issue,
I am having a problem because I was charged but my order still shows as unpaid,Payment Issue,
I need assistance because Please refund my order Please help me with this issue.,Refund,
I am having a problem because The website is not working,Technical Issue,
I need help because The application is not responding Please look into this.,Technical Issue,
I need help because The courier has not delivered my package Can you resolve this?,Delivery Issue,
I am having a problem because I placed the order by mistake Please help.,Cancellation,
Can you help me? How can I request a refund? Please help me with this issue.,Refund,
I am facing an issue where The website is showing an error Please look into this.,Technical Issue,
Can you help me? When will I receive my refund? Can you resolve this?,Refund,
Could you please help? Can I get a refund for this order? Can you check this?,Refund,
I need help because I need my money back Please help me with this issue.,Refund,
"Please help me, The website is showing an error Can you check this?",Technical Issue,
My subscription was renewed automatically,Subscription,
I am facing an issue where The money was deducted from my account but the payment failed Please help me with this issue.,Payment Issue,
I need assistance because I want to upgrade my plan I need assistance.,Subscription,
I need assistance because I am getting an error message,Technical Issue,
Could you please help? I want to upgrade my plan Please look into this.,Subscription,
I need assistance because How do I cancel a purchase? Please help.,Cancellation,
I am having a problem because How do I cancel a purchase? Can you resolve this?,Cancellation,
Can you help me? My order contains the wrong product,Order Issue,
I need help because The delivery is taking longer than expected Please help.,Delivery Issue,
I am having a problem because I have been waiting for my refund Please help me with this issue.,Refund,
"Please help me, I was charged twice for the same transaction Please help me with this issue.",Payment Issue,
Please process my refund I need assistance.,Refund,
I am having a problem because Can you cancel my order? I need assistance.,Cancellation,
"Please help me, My subscription payment failed I need assistance.",Subscription,
I am having a problem because My UPI payment failed I need assistance.,Payment Issue,
I need to cancel an order Please help.,Cancellation,
I have been waiting for my order I need assistance.,Delivery Issue,
"Please help me, I want to downgrade my plan Can you resolve this?",Subscription,
I want to cancel the purchase Please help me with this issue.,Cancellation,
"Please help me, My shipment is stuck in transit Please help me with this issue.",Delivery Issue,
I am having a problem because When will my package be delivered? Please look into this.,Delivery Issue,
I am facing an issue where When does my subscription expire? I need assistance.,Subscription,
I need assistance because My order is incomplete What should I do?,Order Issue,
Could you please help? I want to change my subscription plan What should I do?,Subscription,
Could you please help? My money has not been refunded I need assistance.,Refund,
I need help because When will I receive my refund? I need assistance.,Refund,
The application stopped working What should I do?,Technical Issue,
Could you please help? I want to return the payment and get a refund,Refund,
My delivery is late Can you resolve this?,Delivery Issue,
"Please help me, I cannot access my account Can you check this?",Account Issue,
"Please help me, I received a damaged product Please help me with this issue.",Order Issue,
How can I cancel my order?,Cancellation,
I am facing an issue where How long does a refund take? What should I do?,Refund,
I am having a problem because Something is missing from my order I need assistance.,Order Issue,
Can you help me? My order details are incorrect Can you check this?,Order Issue,
I need help because How do I cancel a purchase? Can you resolve this?,Cancellation,
"Please help me, My subscription was renewed automatically Please help.",Subscription,
I am facing an issue where My account login is not working,Account Issue,
Please process my refund Please look into this.,Refund,
"Please help me, My payment was deducted but the order was not placed Can you check this?",Payment Issue,
Could you please help? My shipment is stuck in transit I need assistance.,Delivery Issue,
I am facing an issue where Where is my package? Please help me with this issue.,Delivery Issue,
I am having a problem because Why is my refund delayed?,Refund,
I am having a problem because The payment keeps getting declined Can you check this?,Payment Issue,
I need assistance because Can I change my subscription? Can you check this?,Subscription,
Could you please help? I want to cancel my order,Cancellation,
I need assistance because The application stopped working I need assistance.,Technical Issue,
I am facing an issue where I want to return the payment and get a refund What should I do?,Refund,
I need help because The refund was approved but I have not received it Can you check this?,Refund,
I need help because The item I received is not what I purchased Please help me with this issue.,Order Issue,
Could you please help? I need to cancel an order Please help.,Cancellation,
I am having a problem because The app is very slow Please help me with this issue.,Technical Issue,
Can you help me? Why was I charged for my subscription? Please help me with this issue.,Subscription,
"Please help me, How do I renew my subscription?",Subscription,
"Please help me, I was charged but my order still shows as unpaid Can you check this?",Payment Issue,
I need assistance because I cannot log into my account Please help me with this issue.,Account Issue,
"Please help me, I need my money back Can you check this?",Refund,
"Please help me, The page keeps freezing Can you resolve this?",Technical Issue,
I am having a problem because My payment was deducted but the order was not placed Please help.,Payment Issue,
"Please help me, My account is locked Can you check this?",Account Issue,
I need assistance because Can you cancel my order? Can you check this?,Cancellation,
I need help because The tracking information has not updated,Delivery Issue,
I need assistance because The app keeps crashing Can you resolve this?,Technical Issue,
"Please help me, One item is missing from my order I need assistance.",Order Issue,
I need help because My delivery is late Can you resolve this?,Delivery Issue,
The app keeps crashing Please help me with this issue.,Technical Issue,
I am having a problem because I want to cancel before it is shipped Can you check this?,Cancellation,
I need help because Why is my payment pending? Please look into this.,Payment Issue,
I need assistance because I placed the order by mistake What should I do?,Cancellation,
I am facing an issue where The money was deducted from my account but the payment failed Please help.,Payment Issue,
I am having a problem because My refund has not arrived,Refund,
Can you help me? I forgot my login details,Account Issue,
My money has not been refunded I need assistance.,Refund,
I need help because Why is my refund delayed? I need assistance.,Refund,
I am having a problem because My transaction failed Can you resolve this?,Payment Issue,
I am facing an issue where I need help with my subscription Can you resolve this?,Subscription,
I need help because I am unable to use the checkout page I need assistance.,Technical Issue,
My subscription was renewed automatically Can you resolve this?,Subscription,
I am facing an issue where My package is delayed Please help.,Delivery Issue,
I need assistance because How can I manage my subscription?,Subscription,
My package is delayed Can you resolve this?,Delivery Issue,
I need assistance because I want to cancel the purchase Please help me with this issue.,Cancellation,
I am facing an issue where How can I stop automatic renewal? I need assistance.,Subscription,
Can you cancel my order? Please help.,Cancellation,
I need assistance because Why was I charged for my subscription? I need assistance.,Subscription,
I am facing an issue where Why did my card payment fail? Please look into this.,Payment Issue,
I need help because I forgot my password Please look into this.,Account Issue,
"Please help me, How do I renew my subscription? I need assistance.",Subscription,
I need assistance because I want to cancel before it is shipped Please look into this.,Cancellation,
I am facing an issue where The wrong product was delivered I need assistance.,Order Issue,
I am facing an issue where I have been waiting for my order Please help me with this issue.,Delivery Issue,
Could you please help? I was charged but my order still shows as unpaid Please look into this.,Payment Issue,
I am having a problem because The money was deducted from my account but the payment failed Please look into this.,Payment Issue,
I need help because The product I received is different from what I ordered Please help.,Order Issue,
"Please help me, My package has not been delivered Please look into this.",Delivery Issue,
Please cancel my purchase Can you check this?,Cancellation,
"Please help me, My order is incomplete Can you check this?",Order Issue,
"Please help me, I cannot open the application Please look into this.",Technical Issue,
My order is showing the wrong item Please help me with this issue.,Order Issue,
I need assistance because I am getting an error message Can you resolve this?,Technical Issue,
I need assistance because I want to change my subscription plan What should I do?,Subscription,
"Please help me, How can I change my password?",Account Issue,
I need assistance because The application stopped working Please help.,Technical Issue,
Could you please help? I need to cancel an order Please look into this.,Cancellation,
Could you please help? I have been waiting for my refund Please help.,Refund,
I need help because The payment gateway is not working I need assistance.,Payment Issue,
My package has not been delivered,Delivery Issue,
I need assistance because Cancel my recent order Please help me with this issue.,Cancellation,
I need assistance because How can I upgrade my subscription? What should I do?,Subscription,
The product I received is different from what I ordered Can you resolve this?,Order Issue,
I need assistance because I want to cancel the purchase Can you check this?,Cancellation,
I am having a problem because One item is missing from my order Can you resolve this?,Order Issue,
I am having a problem because I forgot my password Can you check this?,Account Issue,
I forgot my login details Can you check this?,Account Issue,
I am facing an issue where The item I received is not what I purchased What should I do?,Order Issue,
Could you please help? How do I renew my subscription? Please help me with this issue.,Subscription,
I need assistance because I cannot access my account What should I do?,Account Issue,
Can you cancel my order? Please help me with this issue.,Cancellation,
I need help because I want to upgrade my plan Please look into this.,Subscription,
Could you please help? I was charged but my order still shows as unpaid,Payment Issue,
I am having a problem because I made a payment but it is still showing as pending Please help.,Payment Issue,
Can you help me? My account login is not working Can you resolve this?,Account Issue,
Could you please help? The payment gateway is not working Can you resolve this?,Payment Issue,
I need help because I cannot use the website Please help me with this issue.,Technical Issue,
"Please help me, The delivery date has passed Please help.",Delivery Issue,
Can you help me? I want to return the payment and get a refund Please help me with this issue.,Refund,
I am having a problem because There is an item missing from my package,Order Issue,
"Please help me, The website is showing an error Please help.",Technical Issue,
I need help because I received the wrong size I need assistance.,Order Issue,
Could you please help? How can I change my password? Can you resolve this?,Account Issue,
I am facing an issue where My refund has not arrived Can you check this?,Refund,
"Please help me, I was charged twice for one order Please look into this.",Payment Issue,
Can you help me? I was charged twice for the same transaction Please look into this.,Payment Issue,
"Please help me, My order contains a damaged item What should I do?",Order Issue,
I need assistance because The payment keeps getting declined Please look into this.,Payment Issue,
I am having a problem because I want a refund Can you check this?,Refund,
I need assistance because I was charged but my order still shows as unpaid Please look into this.,Payment Issue,
Something is missing from my order What should I do?,Order Issue,
Can you help me? The website is showing an error Please help me with this issue.,Technical Issue,
"Please help me, I cannot open the application I need assistance.",Technical Issue,
Can you help me? I want to cancel the purchase I need assistance.,Cancellation,
"Please help me, Why was I charged for my subscription? Please help me with this issue.",Subscription,
How can I stop automatic renewal? Can you resolve this?,Subscription,
I need assistance because The courier has not delivered my package,Delivery Issue,
Could you please help? My order is showing the wrong item,Order Issue,
Could you please help? Please refund my order Please help me with this issue.,Refund,
I need help because My order details are incorrect What should I do?,Order Issue,
"Please help me, My package is delayed Please look into this.",Delivery Issue,
I am facing an issue where My password is not working What should I do?,Account Issue,
I am facing an issue where How do I cancel a purchase? Please help me with this issue.,Cancellation,
Can you help me? I am getting an error message I need assistance.,Technical Issue,
Could you please help? Please cancel this transaction What should I do?,Cancellation,
Could you please help? When does my subscription expire? Please help me with this issue.,Subscription,
Could you please help? The product I received is damaged,Order Issue,
I am facing an issue where I want to return the payment and get a refund Please help me with this issue.,Refund,
Could you please help? The delivery date has passed Can you check this?,Delivery Issue,
Can you help me? I want to return the payment and get a refund Please help.,Refund,
"Please help me, Can I get a refund for this order? Please look into this.",Refund,
The app is very slow Can you check this?,Technical Issue,
I need help because I was charged twice for one order Please look into this.,Payment Issue,
Where is my package? What should I do?,Delivery Issue,
"Please help me, I have been waiting for my refund",Refund,
I want to change my subscription plan Please help me with this issue.,Subscription,
Can you help me? Please process my refund Please help.,Refund,
I am facing an issue where When will my package be delivered? What should I do?,Delivery Issue,
I need assistance because I want to update my account information Can you resolve this?,Account Issue,
I am having a problem because My order has not arrived yet What should I do?,Delivery Issue,
I am facing an issue where Why was I charged for my subscription? Please help me with this issue.,Subscription,
Could you please help? I no longer want this order Please help me with this issue.,Cancellation,
I need assistance because I want to cancel my order Can you check this?,Cancellation,
Could you please help? I cannot access my account Please help.,Account Issue,
I am facing an issue where My subscription payment failed Please help me with this issue.,Subscription,
I need assistance because The app is very slow Please help me with this issue.,Technical Issue,
I am facing an issue where My order is still in transit Please help.,Delivery Issue,
I am having a problem because My payment failed while placing the order Please look into this.,Payment Issue,
I need assistance because There is an item missing from my package Please look into this.,Order Issue,
I need help because Why did my card payment fail? Please help me with this issue.,Payment Issue,
I no longer want this order Please help me with this issue.,Cancellation,
I am facing an issue where The website keeps showing an error Can you resolve this?,Technical Issue,
I need assistance because When will I receive my refund?,Refund,
I am facing an issue where The app crashes whenever I open it Please help.,Technical Issue,
I need assistance because The app keeps crashing What should I do?,Technical Issue,
I am having a problem because I received a damaged product Please help me with this issue.,Order Issue,
Can you help me? I forgot my password Can you resolve this?,Account Issue,
I need assistance because My transaction failed What should I do?,Payment Issue,
I am having a problem because I made a payment but it is still showing as pending Can you check this?,Payment Issue,
I need help because Can you cancel my order? Please help.,Cancellation,
"Please help me, Can I get a refund for this order? Please help.",Refund,
"Please help me, Please cancel this transaction What should I do?",Cancellation,
I am facing an issue where I no longer want this order I need assistance.,Cancellation,
Can you help me? Why is my payment pending? I need assistance.,Payment Issue,
Can you help me? I cannot log into my account Please look into this.,Account Issue,
I am having a problem because I cannot log into my account Please help me with this issue.,Account Issue,
I need assistance because The payment gateway is not working What should I do?,Payment Issue,
I need assistance because I cannot access my account Please look into this.,Account Issue,
Can you help me? One item is missing from my order Can you check this?,Order Issue,
Could you please help? Why did my card payment fail? Please help me with this issue.,Payment Issue,
I need help because My refund has not arrived Please look into this.,Refund,
I need assistance because When does my subscription expire?,Subscription,
Could you please help? My order has not arrived yet I need assistance.,Delivery Issue,
"Please help me, I cannot remember my password Can you check this?",Account Issue,
I am facing an issue where Cancel my recent order Please look into this.,Cancellation,
I am having a problem because Can I cancel my order? Please help.,Cancellation,
The app keeps crashing Please look into this.,Technical Issue,
The tracking information has not updated Please help.,Delivery Issue,
"Please help me, The application is not responding Can you check this?",Technical Issue,
"Please help me, I was charged but my order still shows as unpaid I need assistance.",Payment Issue,
Can you help me? I forgot my login details Can you resolve this?,Account Issue,
I need help because My subscription was renewed automatically Please help.,Subscription,
Could you please help? How can I stop automatic renewal? Can you resolve this?,Subscription,
Can you help me? My password is not working Please help me with this issue.,Account Issue,
I am facing an issue where How can I cancel my order? Can you resolve this?,Cancellation,
I need help because The page keeps freezing What should I do?,Technical Issue,
Could you please help? One item is missing from my order Please help me with this issue.,Order Issue,
I need assistance because I cannot log into my account I need assistance.,Account Issue,
Can you help me? My shipment is stuck in transit Please help me with this issue.,Delivery Issue,
"Please help me, I have been waiting for my refund Can you resolve this?",Refund,
I need assistance because There is a technical problem Can you check this?,Technical Issue,
I am facing an issue where I was charged but my order still shows as unpaid Can you check this?,Payment Issue,
I need assistance because I need help with my subscription What should I do?,Subscription,
I need assistance because The tracking information has not updated What should I do?,Delivery Issue,
I need assistance because Why is my refund delayed? Can you check this?,Refund,
Can you help me? The product I received is different from what I ordered Please help me with this issue.,Order Issue,
I am facing an issue where How can I reset my password? I need assistance.,Account Issue,
My account is locked Can you resolve this?,Account Issue,
I am having a problem because My subscription was renewed automatically Please help.,Subscription,
Could you please help? How do I change my email address? Can you resolve this?,Account Issue,
"Please help me, How can I cancel my order? Can you check this?",Cancellation,
Can you help me? The delivery date has passed,Delivery Issue,
I need help because I forgot my password Please help me with this issue.,Account Issue,
I need help because I want a refund Please look into this.,Refund,
I need assistance because My order is showing the wrong item Please help.,Order Issue,
I need assistance because I need to cancel an order What should I do?,Cancellation,
I need assistance because My account login is not working Please help.,Account Issue,
I am having a problem because I want to cancel the purchase Can you resolve this?,Cancellation,
I need assistance because The product I received is different from what I ordered Please help me with this issue.,Order Issue,
Could you please help? Where is my package? Please look into this.,Delivery Issue,
I need help because The payment gateway is not working Please help.,Payment Issue,
I am having a problem because Where is my package? Please look into this.,Delivery Issue,
Could you please help? How can I manage my subscription? Can you resolve this?,Subscription,
"Please help me, How can I request a refund? Can you resolve this?",Refund,
I am having a problem because Why is my payment pending? I need assistance.,Payment Issue,
I am having a problem because I want a refund I need assistance.,Refund,
Can you help me? My payment was deducted but the order was not placed Can you resolve this?,Payment Issue,
I need help because Can you tell me where my package is? Please look into this.,Delivery Issue,
Could you please help? The app keeps crashing Can you resolve this?,Technical Issue,
I am facing an issue where There is an item missing from my package,Order Issue,
Could you please help? My delivery is late Please help me with this issue.,Delivery Issue,
"Please help me, Please stop my order",Cancellation,
I am facing an issue where The app is very slow Please help.,Technical Issue,
I am facing an issue where Where is my package? Please help.,Delivery Issue,
I am having a problem because The payment was successful but the order was cancelled Please help.,Payment Issue,
Could you please help? Please refund my order,Refund,
I am having a problem because My package is delayed Can you resolve this?,Delivery Issue,
I need assistance because My order details are incorrect,Order Issue,
Can you help me? Please stop my order Please help me with this issue.,Cancellation,
I am having a problem because The website is showing an error What should I do?,Technical Issue,
"Please help me, How long does a refund take? Please help.",Refund,
The page keeps freezing Can you check this?,Technical Issue,
How do I renew my subscription? Can you resolve this?,Subscription,
I am having a problem because I cannot remember my password I need assistance.,Account Issue,
"Please help me, The money was deducted from my account but the payment failed What should I do?",Payment Issue,
I am having a problem because The app keeps crashing I need assistance.,Technical Issue,
Can you help me? How do I cancel a purchase? What should I do?,Cancellation,
Could you please help? Please process my refund Please look into this.,Refund,
I need help because How long does a refund take? Please help.,Refund,
"Please help me, Can I change my subscription? Please help me with this issue.",Subscription,
I am facing an issue where I cannot log into my account Please look into this.,Account Issue,
I need help because I am having trouble accessing my account,Account Issue,
I am facing an issue where My payment was deducted but the order was not placed,Payment Issue,
"Please help me, Please refund my order Can you check this?",Refund,
I need help because My password is not working Please help.,Account Issue,
I need help because My payment was deducted but the order was not placed I need assistance.,Payment Issue,
Can you help me? Can I cancel my order? Please help me with this issue.,Cancellation,
I am having a problem because My money has not been refunded Please help.,Refund,
Can you help me? My order details are incorrect I need assistance.,Order Issue,
How long does a refund take? I need assistance.,Refund,
I need assistance because There is an item missing from my package What should I do?,Order Issue,
Can you help me? How long does a refund take? What should I do?,Refund,
The payment gateway is not working Can you check this?,Payment Issue,
I am having a problem because My subscription payment failed Please help.,Subscription,
I need help because The website is showing an error What should I do?,Technical Issue,
I need assistance because I cannot complete my payment Please help me with this issue.,Payment Issue,
I am facing an issue where The product I received is different from what I ordered Please help me with this issue.,Order Issue,
I need help because I cannot use the website Can you resolve this?,Technical Issue,
Could you please help? I forgot my password What should I do?,Account Issue,
Could you please help? The website keeps showing an error Please help me with this issue.,Technical Issue,
I need assistance because I want to cancel before it is shipped Can you check this?,Cancellation,
Can you help me? Can you tell me where my package is? Can you check this?,Delivery Issue,
"Please help me, I forgot my password I need assistance.",Account Issue,
I am facing an issue where Can I change my subscription? Can you check this?,Subscription,
I need assistance because How can I stop automatic renewal? Please help.,Subscription,
Could you please help? I want to cancel my order Please help me with this issue.,Cancellation,
I am having a problem because I want to cancel the purchase Please look into this.,Cancellation,
I am having a problem because Can I cancel my order? Can you resolve this?,Cancellation,
I need help because There is a technical problem Please help.,Technical Issue,
I am facing an issue where Can I get a refund for this order? What should I do?,Refund,
I need assistance because How can I reset my password? Can you check this?,Account Issue,
I am facing an issue where The page keeps freezing I need assistance.,Technical Issue,
Could you please help? My shipment is stuck in transit Please help.,Delivery Issue,
I am having a problem because When does my subscription expire? What should I do?,Subscription,
I need help because I was charged for a subscription I cancelled I need assistance.,Subscription,
I need help because One item is missing from my order I need assistance.,Order Issue,
I need help because I need my money back What should I do?,Refund,
The delivery date has passed Can you resolve this?,Delivery Issue,
I need assistance because Can you cancel my order? Can you resolve this?,Cancellation,
I need assistance because The payment gateway is not working Can you check this?,Payment Issue,
Why was I charged for my subscription? I need assistance.,Subscription,
"Please help me, My password is not working Can you check this?",Account Issue,
I am facing an issue where I am unable to sign in Can you check this?,Account Issue,
I am facing an issue where My account login is not working Please help me with this issue.,Account Issue,
I need assistance because Please cancel this transaction Can you check this?,Cancellation,
I need help because How can I change my password?,Account Issue,
I need help because How do I change my email address? Please help me with this issue.,Account Issue,
I need help because Cancel my recent order Please look into this.,Cancellation,
Can you help me? I cannot complete my payment I need assistance.,Payment Issue,
I am having a problem because My order contains a damaged item What should I do?,Order Issue,
Can you help me? I received a damaged product Can you check this?,Order Issue,
How can I cancel my order? Please help.,Cancellation,
"Please help me, The tracking information has not updated Please look into this.",Delivery Issue,
Can you help me? The payment gateway is not working Please help.,Payment Issue,
I need assistance because How can I request a refund? Please help.,Refund,
I am facing an issue where The checkout page is not loading Can you resolve this?,Technical Issue,
I need help because My payment failed while placing the order Can you check this?,Payment Issue,
I am having a problem because I was charged for a subscription I cancelled Please look into this.,Subscription,
I was charged twice for the same transaction Please help.,Payment Issue,
I am having a problem because Why is my refund delayed? Please help.,Refund,
I need assistance because I need to cancel an order Please help.,Cancellation,
When does my subscription expire? Can you resolve this?,Subscription,
I need help because Where is my refund? Can you resolve this?,Refund,
I am having a problem because I need my money back Please help.,Refund,
My shipment is stuck in transit I need assistance.,Delivery Issue,
"Please help me, The application stopped working I need assistance.",Technical Issue,
Please cancel my purchase What should I do?,Cancellation,
"Please help me, I need to cancel an order What should I do?",Cancellation,
I am facing an issue where How can I change my password?,Account Issue,
I need assistance because I no longer want this order Can you check this?,Cancellation,
My order contains the wrong product Can you resolve this?,Order Issue,
I need assistance because I want to return the payment and get a refund Please help.,Refund,
Could you please help? Can you tell me where my package is?,Delivery Issue,
I need help because How do I cancel a purchase? What should I do?,Cancellation,
My shipment is stuck in transit Can you resolve this?,Delivery Issue,
I need help because Please stop my order Can you resolve this?,Cancellation,
The payment keeps getting declined,Payment Issue,
Could you please help? My order details are incorrect Can you check this?,Order Issue,
I need help because I cannot log into my account Can you resolve this?,Account Issue,
"Please help me, Can you tell me where my package is? What should I do?",Delivery Issue,
I need assistance because There is a technical problem Please help me with this issue.,Technical Issue,
Can you help me? My shipment is stuck in transit I need assistance.,Delivery Issue,
I need assistance because I cannot remember my password Please look into this.,Account Issue,
I need help because The app crashes whenever I open it,Technical Issue,
I need assistance because I have been waiting for my refund Can you check this?,Refund,
Can you help me? My transaction failed I need assistance.,Payment Issue,
I need assistance because I cannot access my account I need assistance.,Account Issue,
The website is not working Please help me with this issue.,Technical Issue,
I need assistance because My account login is not working Can you check this?,Account Issue,
Could you please help? The app keeps crashing What should I do?,Technical Issue,
I am having a problem because My money has not been refunded Can you resolve this?,Refund,
Could you please help? The app is very slow Please help me with this issue.,Technical Issue,
Can you help me? I need to cancel an order Please look into this.,Cancellation,
I need help because I was charged for a subscription I cancelled Can you resolve this?,Subscription,
I need assistance because I changed my mind and want to cancel Can you check this?,Cancellation,
Can you help me? Please cancel this transaction,Cancellation,
Could you please help? I have been waiting for my refund Please look into this.,Refund,
I need help because When does my subscription expire? Can you resolve this?,Subscription,
I need assistance because The product I received is different from what I ordered Can you check this?,Order Issue,
"Please help me, Please cancel this transaction Please help.",Cancellation,
I am having a problem because The payment keeps getting declined What should I do?,Payment Issue,
How can I upgrade my subscription? I need assistance.,Subscription,
Could you please help? I forgot my login details Please look into this.,Account Issue,
Can you help me? I want to cancel my subscription Please help.,Subscription,
I need assistance because The website keeps showing an error,Technical Issue,
I need help because The application stopped working I need assistance.,Technical Issue,
I am having a problem because I have been waiting for my refund I need assistance.,Refund,
I am facing an issue where My delivery is late Can you resolve this?,Delivery Issue,
I forgot my password Please help me with this issue.,Account Issue,
Can I get a refund for this order? Please help.,Refund,
"Please help me, I cannot complete my payment Please help.",Payment Issue,
Can you help me? The application is not responding What should I do?,Technical Issue,
"Please help me, Can you tell me where my package is?",Delivery Issue,
I need help because Cancel my recent order,Cancellation,
"Please help me, I need my money back Please look into this.",Refund,
Could you please help? I changed my mind and want to cancel Can you check this?,Cancellation,
I need assistance because I placed the order by mistake Please help me with this issue.,Cancellation,
Could you please help? There is an item missing from my package,Order Issue,
"Please help me, I want to cancel the purchase Please help me with this issue.",Cancellation,
"Please help me, The application is not responding",Technical Issue,
I need help because The wrong product was delivered Please help me with this issue.,Order Issue,
Can you help me? Something is missing from my order Can you check this?,Order Issue,
Can you help me? I want a refund,Refund,
I am facing an issue where I was charged but my order still shows as unpaid What should I do?,Payment Issue,
I am having a problem because I cannot use the website,Technical Issue,
I am having a problem because My order contains the wrong product Please help me with this issue.,Order Issue,
I need assistance because I want to change my subscription plan Can you check this?,Subscription,
I need to cancel an order,Cancellation,
I am facing an issue where Can you cancel my order? Please help me with this issue.,Cancellation,
I am having a problem because I want to change my subscription plan,Subscription,
I need assistance because I received the wrong size Please help me with this issue.,Order Issue,
Can you help me? My order is incomplete Please look into this.,Order Issue,
When will I receive my refund? What should I do?,Refund,
"Please help me, I changed my mind and want to cancel",Cancellation,
Could you please help? How long does a refund take? I need assistance.,Refund,
I am facing an issue where When will my package be delivered? Can you check this?,Delivery Issue,
I am having a problem because Please cancel my purchase I need assistance.,Cancellation,
I need assistance because The product I received is different from what I ordered Please help.,Order Issue,
I forgot my password I need assistance.,Account Issue,
I am having a problem because My money has not been refunded,Refund,
Could you please help? I want to change my subscription plan Please help.,Subscription,
I am having a problem because How do I update my phone number? Please look into this.,Account Issue,
I am facing an issue where My order contains a damaged item Can you check this?,Order Issue,
I cannot use the website Please help me with this issue.,Technical Issue,
"Please help me, The page keeps freezing Please look into this.",Technical Issue,
I am having a problem because How can I cancel my order?,Cancellation,
I need assistance because The money was deducted from my account but the payment failed Please help me with this issue.,Payment Issue,
My order is showing the wrong item What should I do?,Order Issue,
"Please help me, The delivery is taking longer than expected Can you resolve this?",Delivery Issue,
"Please help me, My delivery is late Please help.",Delivery Issue,
Could you please help? My package has not been delivered What should I do?,Delivery Issue,
There is an item missing from my package What should I do?,Order Issue,
I am having a problem because I received a damaged product What should I do?,Order Issue,
Could you please help? I need my money back Please help me with this issue.,Refund,
I am facing an issue where The app keeps crashing Please help me with this issue.,Technical Issue,
Can you help me? My transaction failed Please help me with this issue.,Payment Issue,
"Please help me, How can I cancel my order? Please look into this.",Cancellation,
I need assistance because I forgot my login details Please help.,Account Issue,
Can you help me? My package is delayed What should I do?,Delivery Issue,
"Please help me, The application stopped working",Technical Issue,
I am facing an issue where I cannot open the application Please help.,Technical Issue,
I need help because I want to cancel before it is shipped Please help me with this issue.,Cancellation,
"Please help me, When does my subscription expire? Can you resolve this?",Subscription,
I need assistance because I received the wrong product Please look into this.,Order Issue,
Please stop my order Can you resolve this?,Cancellation,
I am facing an issue where The website keeps showing an error,Technical Issue,
Can you help me? The tracking information has not updated What should I do?,Delivery Issue,
Could you please help? My order contains a damaged item,Order Issue,
I am facing an issue where The payment was successful but the order was cancelled What should I do?,Payment Issue,
Could you please help? How do I change my email address? What should I do?,Account Issue,
I need assistance because I am having trouble accessing my account Please help.,Account Issue,
I need help because I want to upgrade my plan Can you resolve this?,Subscription,
Could you please help? How can I stop automatic renewal? Please look into this.,Subscription,
"Please help me, My refund has not arrived What should I do?",Refund,
Could you please help? The product I received is damaged I need assistance.,Order Issue,
I am facing an issue where I placed the order by mistake Please help me with this issue.,Cancellation,
I am facing an issue where The money was deducted from my account but the payment failed Can you check this?,Payment Issue,
I need assistance because My package has not been delivered What should I do?,Delivery Issue,
I need assistance because My UPI payment failed I need assistance.,Payment Issue,
I need help because There is an item missing from my package What should I do?,Order Issue,
Could you please help? My order is still in transit Please look into this.,Delivery Issue,
I need assistance because I want to downgrade my plan I need assistance.,Subscription,
I need assistance because How can I manage my subscription? Can you resolve this?,Subscription,
Could you please help? I was charged twice for the same transaction Please help.,Payment Issue,
I need assistance because I am unable to use the checkout page,Technical Issue,
Can you help me? My payment failed while placing the order Can you resolve this?,Payment Issue,
"Please help me, The delivery date has passed What should I do?",Delivery Issue,
I am having a problem because I made a payment but it is still showing as pending I need assistance.,Payment Issue,
I need help because I want to cancel my subscription What should I do?,Subscription,
I need assistance because The payment gateway is not working Please help me with this issue.,Payment Issue,
I am facing an issue where The delivery date has passed I need assistance.,Delivery Issue,
I need help because My account login is not working Can you resolve this?,Account Issue,
I need assistance because The delivery date has passed Please help.,Delivery Issue,
I need assistance because How do I renew my subscription? Please help.,Subscription,
Why is my refund delayed? Can you resolve this?,Refund,
I am facing an issue where My delivery is late Please help.,Delivery Issue,
Can you help me? I cannot open the application Can you check this?,Technical Issue,
Why is my delivery taking so long? Can you check this?,Delivery Issue,
When will I receive my refund?,Refund,
I need assistance because I received a damaged product Please help.,Order Issue,
I am facing an issue where Why is my payment pending? Please help me with this issue.,Payment Issue,
I need help because The payment was successful but the order was cancelled,Payment Issue,
I am facing an issue where Where is my refund? Can you check this?,Refund,
Could you please help? Where is my package? Please help.,Delivery Issue,
Could you please help? Please cancel this transaction Can you resolve this?,Cancellation,
I need assistance because I am having trouble accessing my account Please look into this.,Account Issue,
I am facing an issue where My order is incomplete Can you check this?,Order Issue,
I am having a problem because I want to return the payment and get a refund Please help me with this issue.,Refund,
I need help because My payment was deducted but the order was not placed Please look into this.,Payment Issue,
Could you please help? I have been waiting for my order Can you check this?,Delivery Issue,
I was charged twice for the same transaction What should I do?,Payment Issue,
I am having a problem because The product I received is different from what I ordered I need assistance.,Order Issue,
Could you please help? I am having trouble accessing my account Please help me with this issue.,Account Issue,
The delivery date has passed Please help me with this issue.,Delivery Issue,
I need help because When will my package be delivered? Can you resolve this?,Delivery Issue,
I am having a problem because The product I received is different from what I ordered Can you resolve this?,Order Issue,
"Please help me, Please cancel my purchase",Cancellation,
Could you please help? How can I cancel my order? I need assistance.,Cancellation,
Could you please help? The item I received is not what I purchased Please help.,Order Issue,
The courier has not delivered my package Can you check this?,Delivery Issue,
I need help because The courier has not delivered my package,Delivery Issue,
Could you please help? My transaction failed I need assistance.,Payment Issue,
I need assistance because How do I renew my subscription? Please help me with this issue.,Subscription,
I need assistance because My order contains a damaged item Please look into this.,Order Issue,
I need help because Can you cancel my order? Please help me with this issue.,Cancellation,
I need assistance because I cannot complete my payment Please look into this.,Payment Issue,
I need help because My order contains the wrong product What should I do?,Order Issue,
I am having a problem because The wrong product was delivered Please look into this.,Order Issue,
How long does a refund take? Can you resolve this?,Refund,
"Please help me, I am unable to sign in What should I do?",Account Issue,
How can I request a refund? Can you resolve this?,Refund,
Could you please help? I was charged twice for one order I need assistance.,Payment Issue,
I am facing an issue where I have been waiting for my refund What should I do?,Refund,
I need assistance because My refund has not arrived Can you resolve this?,Refund,
I am facing an issue where My order contains a damaged item I need assistance.,Order Issue,
I am having a problem because I cannot open the application Please help me with this issue.,Technical Issue,
I need help because The application is not responding I need assistance.,Technical Issue,
I need assistance because My package is delayed I need assistance.,Delivery Issue,
Can you help me? Please refund my order Please look into this.,Refund,
I need assistance because I need help with my subscription,Subscription,
Could you please help? Can you cancel my order? Please help.,Cancellation,
I am facing an issue where Why is my payment pending? Can you resolve this?,Payment Issue,
Can you help me? My account login is not working Please help me with this issue.,Account Issue,
Can you help me? I need my money back I need assistance.,Refund,
Could you please help? I have been waiting for my order,Delivery Issue,
"Please help me, How can I change my password? Please help me with this issue.",Account Issue,
I need help because The product I received is different from what I ordered Please look into this.,Order Issue,
I need help because I want to cancel the purchase Can you check this?,Cancellation,
I need help because I received the wrong product What should I do?,Order Issue,
I need help because I need my money back Can you check this?,Refund,
Can you help me? I forgot my password,Account Issue,
Please refund my order Please look into this.,Refund,
The application is not responding Please help.,Technical Issue,
"Please help me, I want to cancel before it is shipped What should I do?",Cancellation,
Can you help me? I was charged for a subscription I cancelled Please look into this.,Subscription,
I need assistance because My subscription payment failed Can you resolve this?,Subscription,
I am facing an issue where How do I renew my subscription? Please help.,Subscription,
Can you help me? How can I stop automatic renewal? Please help.,Subscription,
Could you please help? My payment failed while placing the order Please look into this.,Payment Issue,
I need help because Please process my refund Can you check this?,Refund,
Could you please help? Can I change my subscription? Please help.,Subscription,
I need assistance because I was charged for a subscription I cancelled Can you check this?,Subscription,
Could you please help? I want to cancel my order What should I do?,Cancellation,
I need help because I want to change my subscription plan Please look into this.,Subscription,
I need help because When will I receive my refund? Can you check this?,Refund,
How do I change my email address?,Account Issue,
I am having a problem because My subscription was renewed automatically Can you resolve this?,Subscription,
Can you help me? How can I manage my subscription? Can you check this?,Subscription,
I need assistance because My UPI payment failed Please help.,Payment Issue,
When will I receive my refund? I need assistance.,Refund,
I need assistance because I have been waiting for my refund Can you resolve this?,Refund,
I am having a problem because My order is still in transit Please help me with this issue.,Delivery Issue,
"Please help me, I no longer want this order What should I do?",Cancellation,
I need help because The app is very slow Please help.,Technical Issue,
Can you help me? The delivery date has passed What should I do?,Delivery Issue,
I need assistance because My order is still in transit Please help.,Delivery Issue,
"Please help me, Where is my package? Please look into this.",Delivery Issue,
Could you please help? The courier has not delivered my package,Delivery Issue,
I need help because My order is incomplete Please help.,Order Issue,
"Please help me, I have been waiting for my refund Please help.",Refund,
I need assistance because I want to change my subscription plan Please help.,Subscription,
I need assistance because I want to update my account information Please help.,Account Issue,
I need assistance because I was charged twice for one order Please help.,Payment Issue,
I am having a problem because My account login is not working Can you check this?,Account Issue,
"Please help me, My payment failed while placing the order Can you resolve this?",Payment Issue,
I am facing an issue where I made a payment but it is still showing as pending What should I do?,Payment Issue,
I need help because I have been waiting for my order Please help me with this issue.,Delivery Issue,
"Please help me, I want to cancel my order",Cancellation,
Can you help me? Please stop my order Please help.,Cancellation,
"Please help me, My money has not been refunded Please look into this.",Refund,
I forgot my password Please look into this.,Account Issue,
Could you please help? I was charged for a subscription I cancelled Can you resolve this?,Subscription,
I need assistance because My payment failed while placing the order Can you check this?,Payment Issue,
I am facing an issue where The application stopped working,Technical Issue,
"Please help me, There is a technical problem Can you resolve this?",Technical Issue,
I am having a problem because I want to update my account information Can you resolve this?,Account Issue,
The product I received is different from what I ordered,Order Issue,
Can you help me? I was charged but my order still shows as unpaid I need assistance.,Payment Issue,
I am having a problem because My order has not arrived yet Please look into this.,Delivery Issue,
I need help because I made a payment but it is still showing as pending Can you resolve this?,Payment Issue,
I am facing an issue where I cannot open the application,Technical Issue,
I am facing an issue where Can you cancel my order?,Cancellation,
Could you please help? I was charged twice for the same transaction Can you resolve this?,Payment Issue,
Can you help me? How can I upgrade my subscription? Please look into this.,Subscription,
I need assistance because Why is my payment pending? Please look into this.,Payment Issue,
I need assistance because Please stop my order Please help.,Cancellation,
I need help because I want to downgrade my plan I need assistance.,Subscription,
Could you please help? Please cancel this transaction Please help.,Cancellation,
Please cancel my purchase Can you resolve this?,Cancellation,
I need assistance because I received the wrong product I need assistance.,Order Issue,
I am facing an issue where I am getting an error message Can you resolve this?,Technical Issue,
I am having a problem because How do I renew my subscription? What should I do?,Subscription,
Can I cancel my order? Please look into this.,Cancellation,
Could you please help? I want to downgrade my plan Please help me with this issue.,Subscription,
Can you help me? The application is not responding Please help me with this issue.,Technical Issue,
I am facing an issue where There is an item missing from my package I need assistance.,Order Issue,
"Please help me, My order contains the wrong product Can you check this?",Order Issue,
I am having a problem because How can I manage my subscription? Can you check this?,Subscription,
Can you help me? My account login is not working What should I do?,Account Issue,
Can you help me? I cannot open the application Please help me with this issue.,Technical Issue,
I need help because I received the wrong size Please help me with this issue.,Order Issue,
Could you please help? My order has not arrived yet Can you resolve this?,Delivery Issue,
I need assistance because The application is not responding Please help.,Technical Issue,
I am facing an issue where My order details are incorrect I need assistance.,Order Issue,
I need help because One item is missing from my order Please look into this.,Order Issue,
"Please help me, The app crashes whenever I open it I need assistance.",Technical Issue,
I am facing an issue where How can I manage my subscription? Please look into this.,Subscription,
I need help because I cannot remember my password Please look into this.,Account Issue,
I need help because I want to update my account information What should I do?,Account Issue,
Could you please help? When does my subscription expire? Can you check this?,Subscription,
"Please help me, The payment keeps getting declined Please help.",Payment Issue,
"Please help me, I need to cancel an order Can you check this?",Cancellation,
Can you help me? I placed the order by mistake Please help.,Cancellation,
I am facing an issue where The money was deducted from my account but the payment failed I need assistance.,Payment Issue,
I am facing an issue where My subscription was renewed automatically Please look into this.,Subscription,
Can you help me? I received a damaged product Please look into this.,Order Issue,
I am facing an issue where I am getting an error message Can you check this?,Technical Issue,
Can you help me? I am having trouble accessing my account Please look into this.,Account Issue,
The payment was successful but the order was cancelled What should I do?,Payment Issue,
"Please help me, The application stopped working Please help me with this issue.",Technical Issue,
Can you help me? How long does a refund take? Please help me with this issue.,Refund,
I need help because The money was deducted from my account but the payment failed What should I do?,Payment Issue,
I need help because The checkout page is not loading Can you resolve this?,Technical Issue,
I am having a problem because I am unable to use the checkout page Can you check this?,Technical Issue,
I need help because How do I renew my subscription? Please look into this.,Subscription,
Can you help me? Why was I charged for my subscription?,Subscription,
Could you please help? The payment gateway is not working Please look into this.,Payment Issue,
I am having a problem because My order details are incorrect Please help me with this issue.,Order Issue,
I want to upgrade my plan Please look into this.,Subscription,
Can you help me? I forgot my login details Please help me with this issue.,Account Issue,
Can you help me? Cancel my recent order Please help me with this issue.,Cancellation,
"Please help me, The app is very slow Can you check this?",Technical Issue,
My account login is not working Please help.,Account Issue,
The app crashes whenever I open it Please help.,Technical Issue,
I need help because How can I cancel my order? Please look into this.,Cancellation,
The website is showing an error Please help me with this issue.,Technical Issue,
Could you please help? Something is missing from my order Please look into this.,Order Issue,
Could you please help? How can I manage my subscription? Please help me with this issue.,Subscription,
I need assistance because My transaction failed Please look into this.,Payment Issue,
I need assistance because How do I update my phone number? What should I do?,Account Issue,
I am having a problem because I forgot my password,Account Issue,
I am having a problem because One item is missing from my order I need assistance.,Order Issue,
Why did my card payment fail? What should I do?,Payment Issue,
Could you please help? When will I receive my refund? Can you resolve this?,Refund,
Could you please help? How can I request a refund? What should I do?,Refund,
"Please help me, My shipment is stuck in transit",Delivery Issue,
"Please help me, My order contains a damaged item",Order Issue,
I am having a problem because I want to cancel before it is shipped Can you resolve this?,Cancellation,
Could you please help? I forgot my login details Please help me with this issue.,Account Issue,
"Please help me, My order details are incorrect Can you check this?",Order Issue,
"Please help me, How long does a refund take? I need assistance.",Refund,
I want to upgrade my plan Please help.,Subscription,
Can you help me? The website is not working Please look into this.,Technical Issue,
I am facing an issue where Please refund my order Can you resolve this?,Refund,
Could you please help? The tracking information has not updated Can you resolve this?,Delivery Issue,
I need assistance because I am unable to sign in Please look into this.,Account Issue,
I need assistance because How can I manage my subscription? Please help me with this issue.,Subscription,
I am facing an issue where The website is showing an error Please help me with this issue.,Technical Issue,
I need assistance because Why did my card payment fail? Please help me with this issue.,Payment Issue,
"Please help me, How do I change my email address? I need assistance.",Account Issue,
Could you please help? Please cancel my purchase I need assistance.,Cancellation,
I am facing an issue where I received a damaged product What should I do?,Order Issue,
Could you please help? How can I cancel my order? Can you resolve this?,Cancellation,
I have been waiting for my refund Can you resolve this?,Refund,
Can you help me? I have been waiting for my order,Delivery Issue,
I am facing an issue where I want to return the payment and get a refund Please help.,Refund,
I need assistance because How can I stop automatic renewal? Can you check this?,Subscription,
I am facing an issue where I want to upgrade my plan Please help.,Subscription,
I am having a problem because I want to upgrade my plan Please look into this.,Subscription,
I need assistance because I was charged twice for one order Can you check this?,Payment Issue,
Could you please help? Can you tell me where my package is? Can you resolve this?,Delivery Issue,
I need help because The money was deducted from my account but the payment failed Please look into this.,Payment Issue,
Can you help me? My order is incomplete I need assistance.,Order Issue,
I am facing an issue where I was charged twice for the same transaction Can you resolve this?,Payment Issue,
Could you please help? My account is locked Please help.,Account Issue,
Can you help me? The item I received is not what I purchased I need assistance.,Order Issue,
I need assistance because Where is my package? Please look into this.,Delivery Issue,
Can you help me? I received the wrong product Please help me with this issue.,Order Issue,
"Please help me, Can you tell me where my package is? I need assistance.",Delivery Issue,
I am facing an issue where My order is still in transit,Delivery Issue,
I am having a problem because The app keeps crashing Please help.,Technical Issue,
Could you please help? The payment gateway is not working,Payment Issue,
Can you help me? My password is not working Can you resolve this?,Account Issue,
I received a damaged product,Order Issue,
Can you help me? My order is still in transit Please help me with this issue.,Delivery Issue,
The checkout page is not loading Please help me with this issue.,Technical Issue,
Could you please help? The delivery is taking longer than expected Please help.,Delivery Issue,
I need help because My order details are incorrect Please help me with this issue.,Order Issue,
Can you help me? I want to cancel my order Please help.,Cancellation,
"Please help me, I want to upgrade my plan Please help.",Subscription,
I need help because Can I cancel my order? Please look into this.,Cancellation,
The app is very slow,Technical Issue,
I no longer want this order,Cancellation,
I am having a problem because I changed my mind and want to cancel Can you resolve this?,Cancellation,
I need help because The money was deducted from my account but the payment failed Please help me with this issue.,Payment Issue,
I need assistance because I want to downgrade my plan Please help me with this issue.,Subscription,
"Please help me, I need help with my subscription What should I do?",Subscription,
"Please help me, My UPI payment failed Can you resolve this?",Payment Issue,
There is an item missing from my package Please help.,Order Issue,
I am facing an issue where I changed my mind and want to cancel I need assistance.,Cancellation,
I need assistance because When will my package be delivered? I need assistance.,Delivery Issue,
I am facing an issue where I cannot access my account Please help me with this issue.,Account Issue,
I need assistance because I want to return the payment and get a refund What should I do?,Refund,
I am having a problem because I cannot use the website I need assistance.,Technical Issue,
Can you help me? My delivery is late I need assistance.,Delivery Issue,
Can you help me? I want to return the payment and get a refund Can you resolve this?,Refund,
I am having a problem because My package has not been delivered Please look into this.,Delivery Issue,
"Please help me, I was charged twice for one order Can you check this?",Payment Issue,
The money was deducted from my account but the payment failed Can you resolve this?,Payment Issue,
"Please help me, My transaction failed Please help.",Payment Issue,
Could you please help? I cannot remember my password Please look into this.,Account Issue,
I am facing an issue where I received the wrong product Please look into this.,Order Issue,
I cannot log into my account Can you check this?,Account Issue,
I need assistance because I forgot my login details I need assistance.,Account Issue,
I am facing an issue where I am getting an error message What should I do?,Technical Issue,
I need help because I cannot use the website Please look into this.,Technical Issue,
I need help because My order is still in transit Can you resolve this?,Delivery Issue,
"Please help me, The money was deducted from my account but the payment failed I need assistance.",Payment Issue,
I need help because Please process my refund What should I do?,Refund,
I have been waiting for my refund What should I do?,Refund,
Can you help me? The app is very slow Please help.,Technical Issue,
Can you help me? I want to cancel the purchase Please help.,Cancellation,
Can you help me? My order is still in transit What should I do?,Delivery Issue,
Could you please help? How can I upgrade my subscription? Please help.,Subscription,
I am facing an issue where I forgot my password Please look into this.,Account Issue,
I need help because I cannot open the application Please help me with this issue.,Technical Issue,
I am having a problem because I am unable to sign in Can you check this?,Account Issue,
Could you please help? I forgot my login details I need assistance.,Account Issue,
I need assistance because My subscription was renewed automatically I need assistance.,Subscription,
I am having a problem because Can I cancel my order? Can you check this?,Cancellation,
I need assistance because My account is locked Can you resolve this?,Account Issue,
I need assistance because The page keeps freezing Please help.,Technical Issue,
Could you please help? I want to cancel my subscription,Subscription,
I am having a problem because I want to cancel my subscription Can you resolve this?,Subscription,
Can you help me? I cannot use the website I need assistance.,Technical Issue,
I am having a problem because I received the wrong size I need assistance.,Order Issue,
Can you help me? I received the wrong size,Order Issue,
"Please help me, I need my money back Can you resolve this?",Refund,
Can you help me? The tracking information has not updated Please look into this.,Delivery Issue,
I need help because I am getting an error message Can you resolve this?,Technical Issue,
My order contains the wrong product,Order Issue,
Can you help me? The website keeps showing an error Please help me with this issue.,Technical Issue,
I need help because I want a refund I need assistance.,Refund,
I need help because How do I renew my subscription? Can you resolve this?,Subscription,
Could you please help? I want to cancel the purchase Please help me with this issue.,Cancellation,
"Please help me, Can you cancel my order? I need assistance.",Cancellation,
I need assistance because My subscription was renewed automatically Can you check this?,Subscription,
Can you help me? My delivery is late Please help.,Delivery Issue,
"Please help me, I am having trouble accessing my account",Account Issue,
I need assistance because The page keeps freezing What should I do?,Technical Issue,
Can you help me? I want to upgrade my plan What should I do?,Subscription,
I am having a problem because I was charged twice for one order Please help me with this issue.,Payment Issue,
I want to update my account information Please help.,Account Issue,
I am facing an issue where Why is my refund delayed? I need assistance.,Refund,
I am having a problem because How can I manage my subscription? What should I do?,Subscription,
"Please help me, My package has not been delivered Can you resolve this?",Delivery Issue,
"Please help me, How can I change my password? Can you check this?",Account Issue,
I am facing an issue where Can you tell me where my package is? Please help.,Delivery Issue,
I am having a problem because The wrong product was delivered Please help me with this issue.,Order Issue,
Can you cancel my order? Can you resolve this?,Cancellation,
I need help because Something is missing from my order Can you check this?,Order Issue,
Could you please help? When will my package be delivered? Please help me with this issue.,Delivery Issue,
I am facing an issue where How can I request a refund? Can you resolve this?,Refund,
"Please help me, I need my money back I need assistance.",Refund,
I am having a problem because I was charged for a subscription I cancelled Can you check this?,Subscription,
Can you help me? I received the wrong size Please help.,Order Issue,
I am having a problem because My order is still in transit Can you check this?,Delivery Issue,
Can you help me? The website is showing an error Please help.,Technical Issue,
Could you please help? The courier has not delivered my package I need assistance.,Delivery Issue,
I need help because I have been waiting for my order Can you check this?,Delivery Issue,
I need assistance because My order details are incorrect I need assistance.,Order Issue,
Could you please help? I forgot my login details Please help.,Account Issue,
I am facing an issue where My payment failed while placing the order What should I do?,Payment Issue,
"Please help me, My refund has not arrived Please help.",Refund,
I need help because My transaction failed,Payment Issue,
Could you please help? Where is my refund? Can you check this?,Refund,
"Please help me, Why is my payment pending? I need assistance.",Payment Issue,
"Please help me, One item is missing from my order",Order Issue,
Could you please help? How can I reset my password? What should I do?,Account Issue,
The courier has not delivered my package,Delivery Issue,
I need help because My package is delayed Can you resolve this?,Delivery Issue,
Could you please help? The courier has not delivered my package Please help.,Delivery Issue,
I am facing an issue where Please stop my order Please help me with this issue.,Cancellation,
I need assistance because The item I received is not what I purchased Can you resolve this?,Order Issue,
I need assistance because I was charged twice for one order I need assistance.,Payment Issue,
Can you help me? I want to change my subscription plan Can you check this?,Subscription,
I am having a problem because I want to downgrade my plan,Subscription,
I need assistance because My transaction failed Please help me with this issue.,Payment Issue,
"Please help me, My refund has not arrived Please look into this.",Refund,
Can you help me? Where is my refund? Please help me with this issue.,Refund,
How can I change my password? Can you check this?,Account Issue,
Can you help me? The courier has not delivered my package Please help.,Delivery Issue,
I need assistance because Please refund my order,Refund,
Can you help me? The payment keeps getting declined Please help me with this issue.,Payment Issue,
I need help because My refund has not arrived Can you check this?,Refund,
"Please help me, The app crashes whenever I open it Please help me with this issue.",Technical Issue,
I need assistance because The page keeps freezing Please help me with this issue.,Technical Issue,
I am having a problem because My account is locked Please look into this.,Account Issue,
I am having a problem because I want to change my subscription plan Please help me with this issue.,Subscription,
I need assistance because My money has not been refunded Can you resolve this?,Refund,
I need help because I placed the order by mistake I need assistance.,Cancellation,
I need assistance because My account is locked Can you check this?,Account Issue,
I am having a problem because Where is my package? Please help.,Delivery Issue,
The delivery date has passed What should I do?,Delivery Issue,
Could you please help? Can I get a refund for this order? I need assistance.,Refund,
My delivery is late,Delivery Issue,
I need assistance because My order has not arrived yet I need assistance.,Delivery Issue,
I need help because The wrong product was delivered,Order Issue,
Can you help me? How do I update my phone number? Please look into this.,Account Issue,
Could you please help? Why is my delivery taking so long? Can you check this?,Delivery Issue,
I need assistance because I cannot complete my payment I need assistance.,Payment Issue,
I am having a problem because My transaction failed Can you check this?,Payment Issue,
Could you please help? When will I receive my refund? I need assistance.,Refund,
I am facing an issue where Why is my payment pending? What should I do?,Payment Issue,
Could you please help? My package is delayed Please help.,Delivery Issue,
I am having a problem because I cannot access my account Please help me with this issue.,Account Issue,
I am facing an issue where Why is my delivery taking so long? I need assistance.,Delivery Issue,
I need help because I am getting an error message,Technical Issue,
How do I renew my subscription? Can you check this?,Subscription,
I need help because How can I cancel my order? What should I do?,Cancellation,
I need assistance because I made a payment but it is still showing as pending Can you check this?,Payment Issue,
I need assistance because The website is not working Can you resolve this?,Technical Issue,
Could you please help? The website keeps showing an error What should I do?,Technical Issue,
I need help because I am unable to sign in Can you resolve this?,Account Issue,
I am having a problem because Can you tell me where my package is? Please help.,Delivery Issue,
Can you help me? I want to cancel before it is shipped Please help me with this issue.,Cancellation,
Can you help me? How do I renew my subscription? What should I do?,Subscription,
Can you help me? Why was I charged for my subscription? Can you check this?,Subscription,
Could you please help? The app crashes whenever I open it Please look into this.,Technical Issue,
Can you help me? How can I manage my subscription? Please help.,Subscription,
"Please help me, My transaction failed I need assistance.",Payment Issue,
Could you please help? I am getting an error message What should I do?,Technical Issue,
I am having a problem because My subscription payment failed I need assistance.,Subscription,
I need help because I want a refund Can you check this?,Refund,
I need help because The money was deducted from my account but the payment failed,Payment Issue,
I am having a problem because How do I change my email address? Please help me with this issue.,Account Issue,
Can you help me? I cannot remember my password Can you resolve this?,Account Issue,
I need assistance because My subscription was renewed automatically Please help me with this issue.,Subscription,
"Please help me, My subscription payment failed Please look into this.",Subscription,
I need assistance because Something is missing from my order I need assistance.,Order Issue,
"Please help me, The application stopped working Please help.",Technical Issue,
I need help because I want to upgrade my plan Please help me with this issue.,Subscription,
Can you help me? I want to cancel my subscription What should I do?,Subscription,
I need help because Please process my refund Please look into this.,Refund,
I am facing an issue where How can I upgrade my subscription? Can you check this?,Subscription,
I am having a problem because There is an item missing from my package Can you check this?,Order Issue,
I am having a problem because Can I get a refund for this order? Can you check this?,Refund,
Could you please help? I changed my mind and want to cancel I need assistance.,Cancellation,
I need help because I no longer want this order,Cancellation,
I want to return the payment and get a refund Can you resolve this?,Refund,
I need help because I made a payment but it is still showing as pending Please help.,Payment Issue,
Can you help me? The payment gateway is not working,Payment Issue,
I am having a problem because I forgot my login details,Account Issue,
Can you help me? Why is my refund delayed? What should I do?,Refund,
I need help because I want to change my subscription plan I need assistance.,Subscription,
My subscription payment failed Please look into this.,Subscription,
I need assistance because How can I change my password? I need assistance.,Account Issue,
"Please help me, I want to cancel the purchase I need assistance.",Cancellation,
I am having a problem because Why is my payment pending? What should I do?,Payment Issue,
My subscription payment failed Can you resolve this?,Subscription,
I am facing an issue where The app is very slow,Technical Issue,
Can you help me? How can I reset my password? What should I do?,Account Issue,
I need assistance because I have been waiting for my order What should I do?,Delivery Issue,
I need assistance because I made a payment but it is still showing as pending Please help me with this issue.,Payment Issue,
I need help because Please cancel my purchase,Cancellation,
Could you please help? The tracking information has not updated I need assistance.,Delivery Issue,
Can you help me? How can I stop automatic renewal? Can you resolve this?,Subscription,
I am facing an issue where I need help with my subscription I need assistance.,Subscription,
"Please help me, My order contains the wrong product",Order Issue,
"Please help me, I forgot my login details What should I do?",Account Issue,
I have been waiting for my order Can you check this?,Delivery Issue,
I am having a problem because I forgot my password What should I do?,Account Issue,
"Please help me, I no longer want this order Please help.",Cancellation,
I need assistance because My transaction failed,Payment Issue,
Could you please help? My transaction failed Please help.,Payment Issue,
I need assistance because How do I update my phone number? Can you resolve this?,Account Issue,
"Please help me, Where is my refund? What should I do?",Refund,
I need help because I want to cancel my order Please help me with this issue.,Cancellation,
Can you help me? The payment was successful but the order was cancelled Can you resolve this?,Payment Issue,
I am facing an issue where How can I upgrade my subscription? I need assistance.,Subscription,
I need my money back Please help me with this issue.,Refund,
Can you help me? I am unable to use the checkout page Please look into this.,Technical Issue,
"Please help me, Can you cancel my order? Can you resolve this?",Cancellation,
I need assistance because The app crashes whenever I open it Can you resolve this?,Technical Issue,
I am having a problem because I received the wrong size Please help me with this issue.,Order Issue,
Why was I charged for my subscription? Can you resolve this?,Subscription,
I need assistance because There is an item missing from my package Can you resolve this?,Order Issue,
I am having a problem because I was charged but my order still shows as unpaid Please help.,Payment Issue,
I need help because How can I reset my password? Please help.,Account Issue,
Can you help me? My payment failed while placing the order I need assistance.,Payment Issue,
I need assistance because The payment keeps getting declined Can you resolve this?,Payment Issue,
I need assistance because My delivery is late I need assistance.,Delivery Issue,
I need assistance because I need my money back Please help me with this issue.,Refund,
I am facing an issue where I want to cancel my subscription Please help me with this issue.,Subscription,
I am having a problem because When will I receive my refund? I need assistance.,Refund,
Could you please help? The payment keeps getting declined Can you resolve this?,Payment Issue,
I need assistance because My order has not arrived yet,Delivery Issue,
I need assistance because I am having trouble accessing my account I need assistance.,Account Issue,
I am having a problem because The refund was approved but I have not received it Please help me with this issue.,Refund,
I am having a problem because Can you cancel my order? Can you resolve this?,Cancellation,
Can you help me? I was charged twice for one order Please help me with this issue.,Payment Issue,
"Please help me, I received the wrong product Can you resolve this?",Order Issue,
I am having a problem because Why is my delivery taking so long? Can you resolve this?,Delivery Issue,
I need help because I have been waiting for my refund Can you check this?,Refund,
I need help because How long does a refund take? Can you check this?,Refund,
"Please help me, I was charged twice for one order Please help me with this issue.",Payment Issue,
The website is showing an error Can you check this?,Technical Issue,
I need help because My order is still in transit Please help.,Delivery Issue,
I am facing an issue where My account login is not working Can you resolve this?,Account Issue,
Could you please help? How do I update my phone number? I need assistance.,Account Issue,
Could you please help? I want to cancel the purchase I need assistance.,Cancellation,
Can you help me? My order contains a damaged item,Order Issue,
I am having a problem because Can you tell me where my package is? Please look into this.,Delivery Issue,
I am facing an issue where The courier has not delivered my package Please look into this.,Delivery Issue,
Can you help me? I was charged twice for one order Please look into this.,Payment Issue,
I am having a problem because How long does a refund take? Please help me with this issue.,Refund,
I am facing an issue where My order has not arrived yet,Delivery Issue,
I am facing an issue where My subscription payment failed,Subscription,
I am facing an issue where My UPI payment failed Can you check this?,Payment Issue,
The tracking information has not updated What should I do?,Delivery Issue,
I need assistance because My order is still in transit Please look into this.,Delivery Issue,
I am facing an issue where Cancel my recent order I need assistance.,Cancellation,
Can you help me? I want a refund Please look into this.,Refund,
I need assistance because How do I renew my subscription? Can you check this?,Subscription,
I want to cancel my order Can you check this?,Cancellation,
Can you help me? I cannot open the application Please look into this.,Technical Issue,
I am having a problem because I changed my mind and want to cancel Please help me with this issue.,Cancellation,
I am having a problem because My UPI payment failed Please look into this.,Payment Issue,
Can you help me? I cannot remember my password Please help.,Account Issue,
Could you please help? My account is locked Can you check this?,Account Issue,
"Please help me, Please process my refund I need assistance.",Refund,
I am facing an issue where Please cancel my purchase Can you resolve this?,Cancellation,
I need help because The website is showing an error Please look into this.,Technical Issue,
I need help because My package is delayed Please help me with this issue.,Delivery Issue,
My refund has not arrived Can you resolve this?,Refund,
Can you help me? The website keeps showing an error Can you resolve this?,Technical Issue,
I need assistance because When will I receive my refund? Please help.,Refund,
I am facing an issue where Please refund my order Can you check this?,Refund,
Could you please help? One item is missing from my order,Order Issue,
I need assistance because The app is very slow What should I do?,Technical Issue,
I want to upgrade my plan Can you check this?,Subscription,
My money has not been refunded Please help me with this issue.,Refund,
Could you please help? Something is missing from my order Can you resolve this?,Order Issue,
"Please help me, I made a payment but it is still showing as pending Can you resolve this?",Payment Issue,
I am having a problem because Why is my payment pending? Please look into this.,Payment Issue,
Can you help me? My order is showing the wrong item Please look into this.,Order Issue,
"Please help me, Why did my card payment fail?",Payment Issue,
I need help because Can I change my subscription? Please help.,Subscription,
"Please help me, One item is missing from my order Please help.",Order Issue,
I am having a problem because How can I reset my password? I need assistance.,Account Issue,
Could you please help? My password is not working Can you resolve this?,Account Issue,
How can I request a refund? What should I do?,Refund,
Could you please help? My subscription payment failed Please help me with this issue.,Subscription,
Could you please help? I cannot open the application Can you resolve this?,Technical Issue,
How can I manage my subscription? I need assistance.,Subscription,
I am facing an issue where I want to cancel the purchase Can you check this?,Cancellation,
I need help because Why was I charged for my subscription? What should I do?,Subscription,
I need help because I need help with my subscription What should I do?,Subscription,
I am having a problem because My password is not working Can you resolve this?,Account Issue,
I am facing an issue where I want to update my account information What should I do?,Account Issue,
Can you help me? I was charged twice for the same transaction Please help.,Payment Issue,
I need assistance because The app is very slow Please help.,Technical Issue,
I am having a problem because The payment was successful but the order was cancelled I need assistance.,Payment Issue,
Could you please help? I was charged twice for the same transaction I need assistance.,Payment Issue,
"Please help me, I want to downgrade my plan I need assistance.",Subscription,
I am having a problem because I have been waiting for my refund,Refund,
Could you please help? I cannot open the application I need assistance.,Technical Issue,
"Please help me, There is a technical problem I need assistance.",Technical Issue,
Could you please help? I cannot complete my payment Can you check this?,Payment Issue,
I am having a problem because How can I change my password?,Account Issue,
I placed the order by mistake What should I do?,Cancellation,
I need my money back Please help.,Refund,
I am having a problem because My package is delayed What should I do?,Delivery Issue,
Could you please help? My order contains a damaged item Please help.,Order Issue,
I am having a problem because My order is incomplete Please help me with this issue.,Order Issue,
I am having a problem because My order is showing the wrong item Please help.,Order Issue,
I want to change my subscription plan Please look into this.,Subscription,
I am having a problem because I cannot access my account Please help.,Account Issue,
I am facing an issue where I was charged twice for the same transaction Please help.,Payment Issue,
I am facing an issue where I cannot log into my account What should I do?,Account Issue,
"Please help me, How do I renew my subscription? Please help.",Subscription,
Could you please help? I made a payment but it is still showing as pending Please help me with this issue.,Payment Issue,
Can you help me? How can I upgrade my subscription? Please help me with this issue.,Subscription,
I need assistance because The application stopped working Can you resolve this?,Technical Issue,
I need help because How do I change my email address? What should I do?,Account Issue,
"Please help me, Why is my refund delayed? I need assistance.",Refund,
I am facing an issue where How can I change my password? Can you check this?,Account Issue,
I need assistance because I forgot my login details Please look into this.,Account Issue,
I need help because Where is my package?,Delivery Issue,
"Please help me, The refund was approved but I have not received it Can you resolve this?",Refund,
I am facing an issue where Why is my delivery taking so long?,Delivery Issue,
I am facing an issue where I want a refund What should I do?,Refund,
I am facing an issue where Can I get a refund for this order? Please help me with this issue.,Refund,
The payment was successful but the order was cancelled I need assistance.,Payment Issue,
I cannot access my account,Account Issue,
I am facing an issue where I want to downgrade my plan What should I do?,Subscription,
I am having a problem because Please process my refund Can you check this?,Refund,
I need assistance because Can I get a refund for this order? I need assistance.,Refund,
I am facing an issue where My payment failed while placing the order Can you resolve this?,Payment Issue,
Can you help me? I want to cancel my subscription I need assistance.,Subscription,
I need help because I placed the order by mistake Please help me with this issue.,Cancellation,
I need my money back What should I do?,Refund,
I cannot open the application I need assistance.,Technical Issue,
"Please help me, My delivery is late Can you check this?",Delivery Issue,
Where is my refund? Can you check this?,Refund,
"Please help me, I forgot my login details Can you resolve this?",Account Issue,
I need help because I was charged twice for one order Can you check this?,Payment Issue,
"Please help me, I am having trouble accessing my account Can you check this?",Account Issue,
How do I renew my subscription? Please help.,Subscription,
"Please help me, I am getting an error message Can you resolve this?",Technical Issue,
My subscription payment failed I need assistance.,Subscription,
I am facing an issue where I want to cancel my subscription Can you resolve this?,Subscription,
Can you help me? The tracking information has not updated,Delivery Issue,
Could you please help? I received the wrong product Can you resolve this?,Order Issue,
Could you please help? My order contains a damaged item What should I do?,Order Issue,
Could you please help? How can I request a refund? Can you check this?,Refund,
I need help because My payment was deducted but the order was not placed Can you resolve this?,Payment Issue,
I am facing an issue where The product I received is damaged What should I do?,Order Issue,
I need assistance because I received the wrong size Please look into this.,Order Issue,
Could you please help? When does my subscription expire? Please look into this.,Subscription,
I need help because Cancel my recent order Please help.,Cancellation,
Why is my payment pending? Can you check this?,Payment Issue,
I need help because The page keeps freezing Please look into this.,Technical Issue,
Could you please help? I cannot open the application What should I do?,Technical Issue,
Could you please help? How do I cancel a purchase? Can you resolve this?,Cancellation,
I need assistance because I want to downgrade my plan Can you resolve this?,Subscription,
Where is my refund? Can you resolve this?,Refund,
Could you please help? Can you cancel my order?,Cancellation,
I need assistance because The courier has not delivered my package Can you resolve this?,Delivery Issue,
Could you please help? How can I change my password? What should I do?,Account Issue,
My payment was deducted but the order was not placed Please help.,Payment Issue,
"Please help me, The application is not responding I need assistance.",Technical Issue,
Could you please help? The website is not working,Technical Issue,
I am having a problem because I cannot use the website What should I do?,Technical Issue,
Could you please help? I am having trouble accessing my account Can you check this?,Account Issue,
"Please help me, The wrong product was delivered Please help me with this issue.",Order Issue,
Can you help me? The courier has not delivered my package Can you check this?,Delivery Issue,
I need help because How can I change my password? Please help me with this issue.,Account Issue,
I need help because I want to cancel the purchase What should I do?,Cancellation,
I need help because My money has not been refunded Please look into this.,Refund,
The payment gateway is not working Can you resolve this?,Payment Issue,
I need assistance because My subscription was renewed automatically Please look into this.,Subscription,
I need help because My order contains a damaged item Can you resolve this?,Order Issue,
I need help because I received a damaged product Please look into this.,Order Issue,
"Please help me, My order has not arrived yet Please help.",Delivery Issue,
I am facing an issue where I changed my mind and want to cancel Please look into this.,Cancellation,
Can you help me? How can I manage my subscription? I need assistance.,Subscription,
The item I received is not what I purchased Can you resolve this?,Order Issue,
I need assistance because The courier has not delivered my package Can you check this?,Delivery Issue,
I need help because How can I stop automatic renewal? Please help.,Subscription,
I need help because How can I manage my subscription? Can you resolve this?,Subscription,
Can you help me? I cannot log into my account What should I do?,Account Issue,
Can you help me? How can I cancel my order? Please help.,Cancellation,
Why was I charged for my subscription? Please help me with this issue.,Subscription,
I am having a problem because The application stopped working What should I do?,Technical Issue,
I am having a problem because My UPI payment failed Please help.,Payment Issue,
Could you please help? The website is not working Please help me with this issue.,Technical Issue,
Can you help me? My order is still in transit Can you check this?,Delivery Issue,
Can you help me? I was charged for a subscription I cancelled Can you resolve this?,Subscription,
I am having a problem because Can I cancel my order? I need assistance.,Cancellation,
"Please help me, Please stop my order Please look into this.",Cancellation,
My order contains a damaged item Can you check this?,Order Issue,
I am having a problem because I want to cancel my subscription What should I do?,Subscription,
"Please help me, I was charged twice for the same transaction Can you check this?",Payment Issue,
"Please help me, I want to return the payment and get a refund Can you check this?",Refund,
"Please help me, I cannot remember my password Please look into this.",Account Issue,
I am having a problem because I cannot access my account Can you resolve this?,Account Issue,
I need assistance because My package is delayed Please help.,Delivery Issue,
I need assistance because Can you cancel my order? Please help.,Cancellation,
I need assistance because The item I received is not what I purchased Can you check this?,Order Issue,
I need help because I received the wrong product Please look into this.,Order Issue,
There is an item missing from my package Please look into this.,Order Issue,
I am facing an issue where My order is showing the wrong item What should I do?,Order Issue,
I need help because The app keeps crashing Please help.,Technical Issue,
I need help because My order is showing the wrong item Please help.,Order Issue,
The checkout page is not loading Please help.,Technical Issue,
Could you please help? The payment was successful but the order was cancelled I need assistance.,Payment Issue,
Could you please help? I was charged twice for one order Can you check this?,Payment Issue,
Could you please help? The payment was successful but the order was cancelled What should I do?,Payment Issue,
Can you help me? The product I received is different from what I ordered,Order Issue,
I need help because The delivery is taking longer than expected What should I do?,Delivery Issue,
"Please help me, The item I received is not what I purchased Can you check this?",Order Issue,
I need assistance because Where is my package?,Delivery Issue,
My account is locked Can you check this?,Account Issue,
I need assistance because I received the wrong product,Order Issue,
"Please help me, I cannot open the application Can you resolve this?",Technical Issue,
I am having a problem because My account is locked I need assistance.,Account Issue,
"Please help me, The checkout page is not loading Please help me with this issue.",Technical Issue,
"Please help me, I want to cancel before it is shipped Can you resolve this?",Cancellation,
I am facing an issue where Can I get a refund for this order? I need assistance.,Refund,
Can you help me? The page keeps freezing Please help me with this issue.,Technical Issue,
"Please help me, My refund has not arrived Can you resolve this?",Refund,
"Please help me, I am getting an error message Please help me with this issue.",Technical Issue,
The money was deducted from my account but the payment failed Please look into this.,Payment Issue,
Could you please help? Can I cancel my order? Please help.,Cancellation,
Can you help me? I am unable to sign in Please help me with this issue.,Account Issue,
Could you please help? I no longer want this order What should I do?,Cancellation,
I am having a problem because My shipment is stuck in transit Please look into this.,Delivery Issue,
I need assistance because How long does a refund take? Please look into this.,Refund,
Can you help me? The application is not responding Please look into this.,Technical Issue,
I need assistance because I am getting an error message Please help me with this issue.,Technical Issue,
I need assistance because My refund has not arrived I need assistance.,Refund,
I am facing an issue where I received a damaged product Can you check this?,Order Issue,
"Please help me, Something is missing from my order Can you resolve this?",Order Issue,
I am facing an issue where I received the wrong product,Order Issue,
I am having a problem because Can you tell me where my package is? Can you resolve this?,Delivery Issue,
Can you help me? Where is my package? What should I do?,Delivery Issue,
I need help because How do I cancel a purchase? Please help me with this issue.,Cancellation,
"Please help me, My order has not arrived yet",Delivery Issue,
I am having a problem because The app crashes whenever I open it Can you check this?,Technical Issue,
I need assistance because The payment keeps getting declined Can you check this?,Payment Issue,
I am having a problem because My order details are incorrect Please look into this.,Order Issue,
Could you please help? The wrong product was delivered I need assistance.,Order Issue,
I am having a problem because The app crashes whenever I open it Please help me with this issue.,Technical Issue,
Could you please help? I want to update my account information Please look into this.,Account Issue,
I need assistance because I want to cancel before it is shipped Please help me with this issue.,Cancellation,
I need assistance because The page keeps freezing Can you check this?,Technical Issue,
"Please help me, I forgot my password Please help.",Account Issue,
The app keeps crashing,Technical Issue,
I need help because The payment keeps getting declined Please help me with this issue.,Payment Issue,
I am facing an issue where Please refund my order,Refund,
"Please help me, My subscription was renewed automatically Please help me with this issue.",Subscription,
Could you please help? My delivery is late Please help.,Delivery Issue,
I am facing an issue where I have been waiting for my order Please look into this.,Delivery Issue,
I am having a problem because I want to cancel the purchase Please help me with this issue.,Cancellation,
I am facing an issue where Please cancel my purchase Please help me with this issue.,Cancellation,
My delivery is late I need assistance.,Delivery Issue,
I need assistance because I want to downgrade my plan,Subscription,
"Please help me, Can I cancel my order? Can you check this?",Cancellation,
I need help because Please refund my order Can you check this?,Refund,
I need help because My package is delayed I need assistance.,Delivery Issue,
I am having a problem because How do I change my email address? Please look into this.,Account Issue,
I need help because When will I receive my refund? Can you resolve this?,Refund,
Can you help me? The money was deducted from my account but the payment failed Please help.,Payment Issue,
I am facing an issue where My package is delayed Please look into this.,Delivery Issue,
I need help because The delivery date has passed,Delivery Issue,
I need assistance because I want to cancel my subscription Please look into this.,Subscription,
"Please help me, Why did my card payment fail? Can you resolve this?",Payment Issue,
I am facing an issue where Please cancel my purchase,Cancellation,
I need help because The website is not working Please help me with this issue.,Technical Issue,
My payment was deducted but the order was not placed I need assistance.,Payment Issue,
Could you please help? I cannot access my account Can you check this?,Account Issue,
Can you help me? Please refund my order Please help.,Refund,
Could you please help? I want to cancel my subscription Can you check this?,Subscription,
I am facing an issue where The payment gateway is not working,Payment Issue,
Can you help me? My account login is not working Please help.,Account Issue,
Could you please help? How do I change my email address? Please help me with this issue.,Account Issue,
I am having a problem because How can I upgrade my subscription? Can you check this?,Subscription,
I am facing an issue where The payment was successful but the order was cancelled Please look into this.,Payment Issue,
I no longer want this order Can you resolve this?,Cancellation,
Could you please help? I cannot use the website Please look into this.,Technical Issue,
Can you help me? The delivery date has passed Please look into this.,Delivery Issue,
"Please help me, Can I change my subscription? I need assistance.",Subscription,
I made a payment but it is still showing as pending Please look into this.,Payment Issue,
I need assistance because I was charged twice for the same transaction I need assistance.,Payment Issue,
I am facing an issue where Can you tell me where my package is? What should I do?,Delivery Issue,
I need assistance because I was charged but my order still shows as unpaid Can you check this?,Payment Issue,
I am facing an issue where Can you tell me where my package is? I need assistance.,Delivery Issue,
My delivery is late Please help.,Delivery Issue,
I am facing an issue where The payment keeps getting declined Can you resolve this?,Payment Issue,
I am facing an issue where How can I manage my subscription? Can you check this?,Subscription,
I need assistance because My order is incomplete Can you resolve this?,Order Issue,
Can you help me? There is a technical problem Can you resolve this?,Technical Issue,
I need assistance because My shipment is stuck in transit Please look into this.,Delivery Issue,
I want to return the payment and get a refund I need assistance.,Refund,
When does my subscription expire? Can you check this?,Subscription,
I need help because Please stop my order Please look into this.,Cancellation,
I need assistance because I am having trouble accessing my account,Account Issue,
I am facing an issue where My money has not been refunded Can you resolve this?,Refund,
I was charged for a subscription I cancelled Can you check this?,Subscription,
I am facing an issue where I was charged twice for one order Please help me with this issue.,Payment Issue,
My package is delayed Please look into this.,Delivery Issue,
Can you help me? I want to change my subscription plan Please help.,Subscription,
I am facing an issue where My transaction failed Please help.,Payment Issue,
I am facing an issue where My order is showing the wrong item Can you check this?,Order Issue,
I need assistance because The product I received is different from what I ordered,Order Issue,
Could you please help? The payment keeps getting declined,Payment Issue,
I need help because I have been waiting for my order Can you resolve this?,Delivery Issue,
Can you help me? My order is showing the wrong item Please help.,Order Issue,
How can I manage my subscription? Please help.,Subscription,
"Please help me, I was charged but my order still shows as unpaid",Payment Issue,
I need assistance because I want a refund What should I do?,Refund,
I need assistance because I want a refund Can you check this?,Refund,
I need help because When does my subscription expire? I need assistance.,Subscription,
I am having a problem because Why did my card payment fail? Can you resolve this?,Payment Issue,
I am facing an issue where How can I reset my password? Please look into this.,Account Issue,
I was charged twice for the same transaction Can you check this?,Payment Issue,
"Please help me, The app is very slow",Technical Issue,
I am facing an issue where The wrong product was delivered Can you resolve this?,Order Issue,
Can you help me? I am unable to sign in Can you check this?,Account Issue,
How do I cancel a purchase? Can you check this?,Cancellation,
My order is incomplete Can you check this?,Order Issue,
I am facing an issue where When will my package be delivered? Please look into this.,Delivery Issue,
I need assistance because I received a damaged product,Order Issue,
I am having a problem because My order contains the wrong product What should I do?,Order Issue,
Can you help me? My order contains a damaged item What should I do?,Order Issue,
Could you please help? How do I cancel a purchase? I need assistance.,Cancellation,
I am facing an issue where I want to cancel the purchase I need assistance.,Cancellation,
Could you please help? Where is my refund? Can you resolve this?,Refund,
I need assistance because There is an item missing from my package Can you check this?,Order Issue,
I am facing an issue where I was charged but my order still shows as unpaid Please help me with this issue.,Payment Issue,
I am facing an issue where How do I renew my subscription? I need assistance.,Subscription,
Could you please help? I cannot remember my password Can you resolve this?,Account Issue,
I need assistance because The refund was approved but I have not received it What should I do?,Refund,
"Please help me, One item is missing from my order Please look into this.",Order Issue,
"Please help me, The product I received is different from what I ordered Can you check this?",Order Issue,
Could you please help? I was charged twice for one order Please look into this.,Payment Issue,
"Please help me, My delivery is late",Delivery Issue,
I am facing an issue where The app is very slow Please look into this.,Technical Issue,
"Please help me, My order is still in transit Please look into this.",Delivery Issue,
I need help because Can I change my subscription? I need assistance.,Subscription,
Could you please help? I received the wrong product What should I do?,Order Issue,
I want to cancel my order,Cancellation,
I am facing an issue where How do I renew my subscription?,Subscription,
I need help because I have been waiting for my refund I need assistance.,Refund,
I am having a problem because My subscription was renewed automatically Can you check this?,Subscription,
Can you help me? My order contains a damaged item Please help me with this issue.,Order Issue,
Can you help me? I cannot log into my account I need assistance.,Account Issue,
Could you please help? Please cancel this transaction Can you check this?,Cancellation,
Could you please help? Can I get a refund for this order? Please help me with this issue.,Refund,
I need assistance because I received the wrong size Can you resolve this?,Order Issue,
I need to cancel an order What should I do?,Cancellation,
Could you please help? I cannot log into my account Please help me with this issue.,Account Issue,
Could you please help? Please stop my order I need assistance.,Cancellation,
I need help because My UPI payment failed Can you resolve this?,Payment Issue,
I am facing an issue where The payment keeps getting declined Please help me with this issue.,Payment Issue,
I am facing an issue where My subscription payment failed Can you check this?,Subscription,
I am facing an issue where I am unable to use the checkout page Please help.,Technical Issue,
I am facing an issue where I cannot open the application Please help me with this issue.,Technical Issue,
I am having a problem because I received the wrong product Please help.,Order Issue,
I need assistance because My subscription was renewed automatically What should I do?,Subscription,
"Please help me, Please stop my order Can you resolve this?",Cancellation,
Can you help me? When will I receive my refund?,Refund,
I am unable to use the checkout page Can you resolve this?,Technical Issue,
"Please help me, The application is not responding What should I do?",Technical Issue,
"Please help me, I received the wrong size",Order Issue,
I am facing an issue where The payment gateway is not working Can you resolve this?,Payment Issue,
"Please help me, Please stop my order Please help.",Cancellation,
I need help because I want to upgrade my plan Can you check this?,Subscription,
I am having a problem because I changed my mind and want to cancel Can you check this?,Cancellation,
I am facing an issue where The delivery date has passed,Delivery Issue,
"Please help me, Please refund my order Please help.",Refund,
I am having a problem because I am unable to sign in,Account Issue,
Can you help me? I cannot log into my account Can you resolve this?,Account Issue,
I need assistance because Why did my card payment fail? Can you resolve this?,Payment Issue,
I need help because The delivery date has passed Can you resolve this?,Delivery Issue,
I need help because I cannot complete my payment Please help me with this issue.,Payment Issue,
Could you please help? Why is my refund delayed? Can you resolve this?,Refund,
I am facing an issue where When does my subscription expire? Please look into this.,Subscription,
I need assistance because Can I get a refund for this order? Can you resolve this?,Refund,
I am having a problem because The website is showing an error,Technical Issue,
I need help because When does my subscription expire? Please look into this.,Subscription,
Could you please help? The wrong product was delivered What should I do?,Order Issue,
Could you please help? My payment failed while placing the order I need assistance.,Payment Issue,
"Please help me, The payment was successful but the order was cancelled What should I do?",Payment Issue,
I am facing an issue where Can you cancel my order? Please help.,Cancellation,
I received the wrong product Can you resolve this?,Order Issue,
Can you help me? My order is incomplete What should I do?,Order Issue,
"Please help me, I was charged twice for the same transaction What should I do?",Payment Issue,
I need help because I received a damaged product I need assistance.,Order Issue,
Can you help me? How long does a refund take? Please look into this.,Refund,
I need assistance because The item I received is not what I purchased Please help me with this issue.,Order Issue,
I want to downgrade my plan Can you resolve this?,Subscription,
Could you please help? I cannot log into my account I need assistance.,Account Issue,
I need help because There is a technical problem I need assistance.,Technical Issue,
I need assistance because How can I cancel my order? What should I do?,Cancellation,
I need help because Please stop my order Please help me with this issue.,Cancellation,
I need assistance because My package is delayed Please help me with this issue.,Delivery Issue,
"Please help me, How do I renew my subscription? Please help me with this issue.",Subscription,
I need help because The wrong product was delivered Please help.,Order Issue,
I am facing an issue where I want to upgrade my plan I need assistance.,Subscription,
Can you tell me where my package is? Can you check this?,Delivery Issue,
Could you please help? Can I cancel my order? What should I do?,Cancellation,
I am facing an issue where The delivery date has passed What should I do?,Delivery Issue,
I am facing an issue where The app keeps crashing,Technical Issue,
Could you please help? I changed my mind and want to cancel Please help me with this issue.,Cancellation,
I need assistance because My UPI payment failed Can you resolve this?,Payment Issue,
Can you help me? The wrong product was delivered Please help.,Order Issue,
Could you please help? Why did my card payment fail? Can you check this?,Payment Issue,
Can you help me? I cannot log into my account,Account Issue,
Can I cancel my order?,Cancellation,
I want to cancel my subscription I need assistance.,Subscription,
I cannot log into my account Can you resolve this?,Account Issue,
I am facing an issue where The delivery is taking longer than expected What should I do?,Delivery Issue,
I need help because Why is my delivery taking so long? Please look into this.,Delivery Issue,
I am having a problem because The app keeps crashing What should I do?,Technical Issue,
I need help because The website keeps showing an error I need assistance.,Technical Issue,
I am facing an issue where The delivery date has passed Can you check this?,Delivery Issue,
I am having a problem because The website keeps showing an error I need assistance.,Technical Issue,
I am facing an issue where I want to downgrade my plan Please look into this.,Subscription,
I am having a problem because My subscription payment failed Can you resolve this?,Subscription,
"Please help me, The website is showing an error Please look into this.",Technical Issue,
I am facing an issue where The application is not responding Please help.,Technical Issue,
I need help because The product I received is damaged What should I do?,Order Issue,
Could you please help? My order is showing the wrong item I need assistance.,Order Issue,
I need assistance because My payment was deducted but the order was not placed Please help me with this issue.,Payment Issue,
Can you help me? My subscription was renewed automatically Can you resolve this?,Subscription,
How do I update my phone number? Can you check this?,Account Issue,
"Please help me, How can I request a refund? Please help me with this issue.",Refund,
I am facing an issue where Please process my refund Please help me with this issue.,Refund,
The refund was approved but I have not received it Please help.,Refund,
"Please help me, I cannot open the application Please help.",Technical Issue,
I am having a problem because The page keeps freezing I need assistance.,Technical Issue,
"Please help me, The payment gateway is not working What should I do?",Payment Issue,
Can you help me? Can I get a refund for this order?,Refund,
Can you help me? How do I change my email address? Can you check this?,Account Issue,
"Please help me, I have been waiting for my refund What should I do?",Refund,
I need help because The application is not responding Please help me with this issue.,Technical Issue,
I am facing an issue where The website is not working Can you check this?,Technical Issue,
Can you tell me where my package is? Please help me with this issue.,Delivery Issue,
I am having a problem because How do I renew my subscription? I need assistance.,Subscription,
Can you help me? My order has not arrived yet Please help me with this issue.,Delivery Issue,
My money has not been refunded Can you check this?,Refund,
Can you help me? Please cancel my purchase Can you resolve this?,Cancellation,
"Please help me, My order is showing the wrong item Please look into this.",Order Issue,
I am facing an issue where One item is missing from my order What should I do?,Order Issue,
I need assistance because I am unable to sign in Can you resolve this?,Account Issue,
I am facing an issue where Something is missing from my order Can you check this?,Order Issue,
I need assistance because I cannot access my account Can you check this?,Account Issue,
I am facing an issue where Can I change my subscription? Please help.,Subscription,
Can you help me? I forgot my password What should I do?,Account Issue,
I cannot open the application Please help me with this issue.,Technical Issue,
Could you please help? I need to cancel an order I need assistance.,Cancellation,
Could you please help? Where is my refund?,Refund,
I need assistance because I was charged but my order still shows as unpaid Can you resolve this?,Payment Issue,
Could you please help? The item I received is not what I purchased Can you check this?,Order Issue,
Could you please help? I cannot access my account Please help me with this issue.,Account Issue,
I need assistance because How can I reset my password?,Account Issue,
"Please help me, The page keeps freezing Please help me with this issue.",Technical Issue,
The payment was successful but the order was cancelled Please help me with this issue.,Payment Issue,
Can you help me? I need help with my subscription Please help me with this issue.,Subscription,
I need assistance because How can I change my password? Can you check this?,Account Issue,
I need help because The tracking information has not updated Please look into this.,Delivery Issue,
"Please help me, My order is showing the wrong item I need assistance.",Order Issue,
"Please help me, My order is incomplete Can you resolve this?",Order Issue,
Can you help me? I made a payment but it is still showing as pending Please look into this.,Payment Issue,
"Please help me, The app keeps crashing Please help me with this issue.",Technical Issue,
Why is my payment pending? Please look into this.,Payment Issue,
"Please help me, My account is locked Please help me with this issue.",Account Issue,
Could you please help? I received the wrong product Please help.,Order Issue,
"Please help me, The refund was approved but I have not received it",Refund,
Can you help me? The application is not responding Please help.,Technical Issue,
Can you help me? The app crashes whenever I open it I need assistance.,Technical Issue,
I need assistance because How can I reset my password? Please help.,Account Issue,
How can I manage my subscription? Can you check this?,Subscription,
"Please help me, I want to cancel my subscription Please help me with this issue.",Subscription,
I am facing an issue where I want to cancel before it is shipped Can you resolve this?,Cancellation,
Can you help me? I want a refund Can you check this?,Refund,
I need my money back I need assistance.,Refund,
The refund was approved but I have not received it Can you resolve this?,Refund,
"Please help me, How can I stop automatic renewal? Can you resolve this?",Subscription,
Could you please help? I need my money back Please help.,Refund,
My order contains the wrong product Please look into this.,Order Issue,
I am facing an issue where I want to upgrade my plan What should I do?,Subscription,
I need assistance because The page keeps freezing,Technical Issue,
Could you please help? I am unable to use the checkout page Please help.,Technical Issue,
I need assistance because I cannot complete my payment,Payment Issue,
"Please help me, Why is my delivery taking so long? Please help.",Delivery Issue,
"Please help me, Can I change my subscription? Can you check this?",Subscription,
My order is still in transit What should I do?,Delivery Issue,
I want to downgrade my plan Can you check this?,Subscription,
I need assistance because I want to cancel the purchase What should I do?,Cancellation,
I am facing an issue where I received the wrong product What should I do?,Order Issue,
"Please help me, Why did my card payment fail? Can you check this?",Payment Issue,
Could you please help? How can I reset my password? Please help me with this issue.,Account Issue,
I need assistance because My payment was deducted but the order was not placed Can you resolve this?,Payment Issue,
"Please help me, Can I change my subscription?",Subscription,
Could you please help? I changed my mind and want to cancel,Cancellation,
Could you please help? My order has not arrived yet Can you check this?,Delivery Issue,
How do I update my phone number?,Account Issue,
Can you help me? My delivery is late Can you resolve this?,Delivery Issue,
Could you please help? How do I renew my subscription?,Subscription,
Could you please help? Why is my refund delayed? Can you check this?,Refund,
I am facing an issue where There is an item missing from my package What should I do?,Order Issue,
"Please help me, The app keeps crashing What should I do?",Technical Issue,
I need help because My subscription payment failed Please look into this.,Subscription,
I am facing an issue where My order is showing the wrong item I need assistance.,Order Issue,
I am facing an issue where The payment gateway is not working I need assistance.,Payment Issue,
I am facing an issue where I was charged for a subscription I cancelled I need assistance.,Subscription,
I need help because My order is incomplete Can you resolve this?,Order Issue,
I forgot my password,Account Issue,
I am having a problem because How do I change my email address? I need assistance.,Account Issue,
Could you please help? The website keeps showing an error I need assistance.,Technical Issue,
I need help because I am getting an error message Can you check this?,Technical Issue,
How do I update my phone number? Please help me with this issue.,Account Issue,
I am facing an issue where How can I stop automatic renewal?,Subscription,
I need assistance because I need to cancel an order Can you check this?,Cancellation,
I am having a problem because My subscription was renewed automatically I need assistance.,Subscription,
Could you please help? How can I manage my subscription? Please help.,Subscription,
I am facing an issue where My package is delayed Please help me with this issue.,Delivery Issue,
I need help because How do I update my phone number?,Account Issue,
I was charged twice for one order,Payment Issue,
Can you help me? I placed the order by mistake What should I do?,Cancellation,
I need assistance because My transaction failed Can you check this?,Payment Issue,
"Please help me, The application stopped working Can you resolve this?",Technical Issue,
I am having a problem because Why did my card payment fail? Please help me with this issue.,Payment Issue,
I need help because The money was deducted from my account but the payment failed I need assistance.,Payment Issue,
Can you help me? How do I renew my subscription? Please help me with this issue.,Subscription,
"Please help me, I cannot use the website",Technical Issue,
The page keeps freezing Please look into this.,Technical Issue,
Can you help me? One item is missing from my order I need assistance.,Order Issue,
"Please help me, The app is very slow I need assistance.",Technical Issue,
Could you please help? My subscription payment failed I need assistance.,Subscription,
I am having a problem because I made a payment but it is still showing as pending Can you resolve this?,Payment Issue,
"Please help me, I want to cancel my order Please help.",Cancellation,
Could you please help? How can I upgrade my subscription? Please look into this.,Subscription,
"Please help me, My order is incomplete Please help me with this issue.",Order Issue,
I need help because My payment was deducted but the order was not placed Can you check this?,Payment Issue,
Could you please help? My order is showing the wrong item Please help.,Order Issue,
Could you please help? My money has not been refunded Please help.,Refund,
"Please help me, My password is not working Can you resolve this?",Account Issue,
I need assistance because The payment was successful but the order was cancelled Please help me with this issue.,Payment Issue,
The app crashes whenever I open it Can you resolve this?,Technical Issue,
"Please help me, I placed the order by mistake Please help me with this issue.",Cancellation,
I cannot log into my account,Account Issue,
I am facing an issue where I am getting an error message Please look into this.,Technical Issue,
I need assistance because My subscription payment failed What should I do?,Subscription,
My transaction failed I need assistance.,Payment Issue,
"Please help me, The website is showing an error",Technical Issue,
I need assistance because Why is my payment pending? Can you check this?,Payment Issue,
Could you please help? The page keeps freezing Can you resolve this?,Technical Issue,
Could you please help? Why was I charged for my subscription?,Subscription,
I need help because My account login is not working Please look into this.,Account Issue,
I am facing an issue where The product I received is damaged Please help me with this issue.,Order Issue,
I am facing an issue where My order is still in transit I need assistance.,Delivery Issue,
I am facing an issue where Why is my delivery taking so long? Please help.,Delivery Issue,
I am facing an issue where I made a payment but it is still showing as pending Please help me with this issue.,Payment Issue,
I need help because My order contains a damaged item What should I do?,Order Issue,
Could you please help? I cannot remember my password What should I do?,Account Issue,
I need assistance because Please stop my order Please look into this.,Cancellation,
I need assistance because How do I update my phone number?,Account Issue,
I need help because How do I renew my subscription?,Subscription,
I need assistance because I no longer want this order Can you resolve this?,Cancellation,
I need assistance because The page keeps freezing Please look into this.,Technical Issue,
I am facing an issue where The payment was successful but the order was cancelled I need assistance.,Payment Issue,
"Please help me, My shipment is stuck in transit Please look into this.",Delivery Issue,
Could you please help? How can I request a refund? I need assistance.,Refund,
Can you help me? I forgot my password I need assistance.,Account Issue,
I am having a problem because I cannot complete my payment Please help.,Payment Issue,
I am having a problem because My transaction failed What should I do?,Payment Issue,
I am facing an issue where I placed the order by mistake,Cancellation,
I need assistance because How can I change my password? Please help.,Account Issue,
Can you help me? My refund has not arrived What should I do?,Refund,
I need assistance because The website keeps showing an error Please help me with this issue.,Technical Issue,
I need help because The payment keeps getting declined What should I do?,Payment Issue,
Can you help me? Please cancel this transaction Please look into this.,Cancellation,
I want to downgrade my plan What should I do?,Subscription,
I need help because Why is my delivery taking so long? Can you resolve this?,Delivery Issue,
Can you help me? Why is my refund delayed? Can you check this?,Refund,
Could you please help? Cancel my recent order What should I do?,Cancellation,
Could you please help? How do I cancel a purchase? Please help me with this issue.,Cancellation,
I need assistance because My refund has not arrived,Refund,
Can you help me? I changed my mind and want to cancel Please help me with this issue.,Cancellation,
I am having a problem because Something is missing from my order Can you resolve this?,Order Issue,
Can you help me? I am having trouble accessing my account Can you check this?,Account Issue,
Can you help me? I no longer want this order I need assistance.,Cancellation,
"Please help me, The payment keeps getting declined I need assistance.",Payment Issue,
I need help because How can I stop automatic renewal? Please help me with this issue.,Subscription,
I need help because Why was I charged for my subscription? I need assistance.,Subscription,
I need assistance because I want to cancel my order Can you resolve this?,Cancellation,
I am having a problem because How can I reset my password? Please help.,Account Issue,
I need help because Please cancel my purchase Can you check this?,Cancellation,
My payment failed while placing the order Please help me with this issue.,Payment Issue,
I need assistance because Please stop my order Can you check this?,Cancellation,
I need assistance because Cancel my recent order I need assistance.,Cancellation,
Could you please help? My account is locked Can you resolve this?,Account Issue,
My order is showing the wrong item,Order Issue,
I am having a problem because The website keeps showing an error,Technical Issue,
I need help because Why is my delivery taking so long? Please help.,Delivery Issue,
I need assistance because The wrong product was delivered Can you resolve this?,Order Issue,
Can you help me? How long does a refund take?,Refund,
I am having a problem because I want to cancel the purchase Please help.,Cancellation,
I need assistance because How can I request a refund? What should I do?,Refund,
I need help because Where is my refund? Can you check this?,Refund,
"Please help me, How long does a refund take? Please help me with this issue.",Refund,
I am having a problem because Can I get a refund for this order? I need assistance.,Refund,
I cannot open the application Please help.,Technical Issue,
I need help because Why is my refund delayed? Can you check this?,Refund,
I am facing an issue where I cannot complete my payment I need assistance.,Payment Issue,
Could you please help? I was charged but my order still shows as unpaid Can you resolve this?,Payment Issue,
I need help because I need to cancel an order Please help me with this issue.,Cancellation,
Can you help me? The app is very slow,Technical Issue,
I need help because Cancel my recent order What should I do?,Cancellation,
I placed the order by mistake I need assistance.,Cancellation,
How can I stop automatic renewal? I need assistance.,Subscription,
I need help because My shipment is stuck in transit Can you check this?,Delivery Issue,
I am facing an issue where I am having trouble accessing my account I need assistance.,Account Issue,
I am facing an issue where How can I request a refund? I need assistance.,Refund,
My package has not been delivered Please help.,Delivery Issue,
I need assistance because The website is not working,Technical Issue,
Could you please help? My order is still in transit I need assistance.,Delivery Issue,
"Please help me, My account login is not working Please help me with this issue.",Account Issue,
I am having a problem because I cannot open the application I need assistance.,Technical Issue,
Please refund my order I need assistance.,Refund,
I am having a problem because The delivery is taking longer than expected Please help.,Delivery Issue,
I need assistance because There is a technical problem Please look into this.,Technical Issue,
I need assistance because Where is my refund? I need assistance.,Refund,
I need help because I cannot access my account Can you check this?,Account Issue,
I need assistance because My refund has not arrived Please look into this.,Refund,
I need assistance because Please process my refund I need assistance.,Refund,
I need help because I cannot remember my password I need assistance.,Account Issue,
I am having a problem because The payment gateway is not working Please help.,Payment Issue,
I am having a problem because My refund has not arrived What should I do?,Refund,
I am having a problem because I need to cancel an order,Cancellation,
Can you help me? I cannot log into my account Please help.,Account Issue,
Can you help me? I want to update my account information Please help me with this issue.,Account Issue,
I need help because I need help with my subscription Can you check this?,Subscription,
How do I update my phone number? Please look into this.,Account Issue,
I am facing an issue where The page keeps freezing Can you check this?,Technical Issue,
I need assistance because The product I received is damaged Please help.,Order Issue,
Could you please help? How can I reset my password?,Account Issue,
I am facing an issue where The product I received is different from what I ordered Can you resolve this?,Order Issue,
My refund has not arrived Please help.,Refund,
Can you help me? The app is very slow Can you resolve this?,Technical Issue,
Can you help me? My order has not arrived yet I need assistance.,Delivery Issue,
I am having a problem because My order is still in transit Can you resolve this?,Delivery Issue,
Could you please help? The app is very slow Please help.,Technical Issue,
I am facing an issue where Why is my refund delayed? Can you check this?,Refund,
I am facing an issue where I need to cancel an order Can you check this?,Cancellation,
Could you please help? Why did my card payment fail? I need assistance.,Payment Issue,
"Please help me, My account is locked Please look into this.",Account Issue,
Could you please help? Can you cancel my order? I need assistance.,Cancellation,
I am having a problem because The wrong product was delivered Can you check this?,Order Issue,
The delivery is taking longer than expected Please look into this.,Delivery Issue,
My order is incomplete,Order Issue,
I am facing an issue where The courier has not delivered my package Can you resolve this?,Delivery Issue,
I need assistance because I cannot access my account Please help.,Account Issue,
I am having a problem because The delivery is taking longer than expected What should I do?,Delivery Issue,
Can you help me? I am getting an error message Please look into this.,Technical Issue,
My order is incomplete Please help.,Order Issue,
I am facing an issue where My package is delayed Can you resolve this?,Delivery Issue,
"Please help me, Can you tell me where my package is? Can you resolve this?",Delivery Issue,
I need assistance because How can I reset my password? I need assistance.,Account Issue,
"Please help me, Cancel my recent order Please help.",Cancellation,
I am facing an issue where The payment gateway is not working Please look into this.,Payment Issue,
"Please help me, How can I upgrade my subscription? Can you check this?",Subscription,
I need assistance because Please cancel my purchase What should I do?,Cancellation,
I am having a problem because I have been waiting for my refund Can you check this?,Refund,
Can you help me? The website is not working,Technical Issue,
I need help because I need to cancel an order What should I do?,Cancellation,
Could you please help? One item is missing from my order Please look into this.,Order Issue,
Can you help me? My payment failed while placing the order Please help.,Payment Issue,
I need help because The product I received is damaged Can you check this?,Order Issue,
"Please help me, I cannot log into my account I need assistance.",Account Issue,
Could you please help? The checkout page is not loading I need assistance.,Technical Issue,
I need help because I want to return the payment and get a refund Please help me with this issue.,Refund,
I want a refund Can you resolve this?,Refund,
I need help because Can I cancel my order?,Cancellation,
I am facing an issue where Please refund my order Please help me with this issue.,Refund,
"Please help me, Can I change my subscription? Please help.",Subscription,
I am facing an issue where My order contains the wrong product Can you check this?,Order Issue,
I want to cancel the purchase Please look into this.,Cancellation,
"Please help me, I made a payment but it is still showing as pending I need assistance.",Payment Issue,
I am facing an issue where The refund was approved but I have not received it,Refund,
I need assistance because I cannot open the application I need assistance.,Technical Issue,
I need assistance because How can I change my password?,Account Issue,
I need help because My delivery is late What should I do?,Delivery Issue,
I need assistance because When will my package be delivered? What should I do?,Delivery Issue,
I need help because Please cancel this transaction,Cancellation,
How can I change my password? Please help.,Account Issue,
My password is not working I need assistance.,Account Issue,
Could you please help? How long does a refund take? Please look into this.,Refund,
I need help because I want to downgrade my plan What should I do?,Subscription,
Could you please help? Can I cancel my order? Can you resolve this?,Cancellation,
I need assistance because Can you tell me where my package is? Please look into this.,Delivery Issue,
I am having a problem because There is a technical problem,Technical Issue,
Can you help me? The delivery is taking longer than expected Can you check this?,Delivery Issue,
I am having a problem because My account is locked,Account Issue,
I need help because My account login is not working What should I do?,Account Issue,
I am facing an issue where I cannot remember my password I need assistance.,Account Issue,
Could you please help? The product I received is different from what I ordered Please look into this.,Order Issue,
I want to change my subscription plan,Subscription,
I am facing an issue where My order has not arrived yet Please help me with this issue.,Delivery Issue,
"Please help me, My order is still in transit Please help me with this issue.",Delivery Issue,
Can you help me? I cannot use the website,Technical Issue,
I need assistance because I was charged but my order still shows as unpaid Please help.,Payment Issue,
"Please help me, My payment was deducted but the order was not placed",Payment Issue,
I am facing an issue where The refund was approved but I have not received it I need assistance.,Refund,
Could you please help? I am unable to use the checkout page,Technical Issue,
I need help because I placed the order by mistake Can you resolve this?,Cancellation,
"Please help me, I want to cancel before it is shipped Please look into this.",Cancellation,
I need help because The payment gateway is not working What should I do?,Payment Issue,
Can you help me? Where is my package? Can you resolve this?,Delivery Issue,
I no longer want this order What should I do?,Cancellation,
I was charged but my order still shows as unpaid Please help.,Payment Issue,
There is a technical problem Please help.,Technical Issue,
Could you please help? I was charged but my order still shows as unpaid What should I do?,Payment Issue,
My order has not arrived yet Please look into this.,Delivery Issue,
I am having a problem because My transaction failed Please look into this.,Payment Issue,
I need assistance because The tracking information has not updated,Delivery Issue,
I am facing an issue where Why was I charged for my subscription? Can you resolve this?,Subscription,
Can you help me? The website keeps showing an error What should I do?,Technical Issue,
Could you please help? I want to return the payment and get a refund I need assistance.,Refund,
Can you help me? I was charged twice for one order,Payment Issue,
The app keeps crashing Can you check this?,Technical Issue,
I need assistance because The delivery is taking longer than expected I need assistance.,Delivery Issue,
I am facing an issue where I want to update my account information Please help me with this issue.,Account Issue,
I need help because I am getting an error message What should I do?,Technical Issue,
Can you tell me where my package is?,Delivery Issue,
Please cancel this transaction Can you resolve this?,Cancellation,
Could you please help? I forgot my login details Can you check this?,Account Issue,
"Please help me, There is a technical problem Please help.",Technical Issue,
Could you please help? My subscription payment failed,Subscription,
"Please help me, I received the wrong product Please help.",Order Issue,
How do I change my email address? What should I do?,Account Issue,
I need help because My subscription was renewed automatically What should I do?,Subscription,
Can you help me? Why is my payment pending? Can you check this?,Payment Issue,
I need assistance because My refund has not arrived What should I do?,Refund,
I need assistance because I want to upgrade my plan,Subscription,
Could you please help? I want to return the payment and get a refund Please help.,Refund,
I am having a problem because The application stopped working Please look into this.,Technical Issue,
I need assistance because My money has not been refunded,Refund,
Could you please help? Why was I charged for my subscription? I need assistance.,Subscription,
I need assistance because The money was deducted from my account but the payment failed Please look into this.,Payment Issue,
I need assistance because I changed my mind and want to cancel Please help.,Cancellation,
Can you help me? I forgot my password Please help.,Account Issue,
My order has not arrived yet Can you check this?,Delivery Issue,
Could you please help? The payment keeps getting declined Can you check this?,Payment Issue,
Can you help me? How do I change my email address? Please help.,Account Issue,
Could you please help? I have been waiting for my refund What should I do?,Refund,
I am facing an issue where The app is very slow Can you check this?,Technical Issue,
Can you help me? The payment was successful but the order was cancelled What should I do?,Payment Issue,
I am facing an issue where My account is locked Can you resolve this?,Account Issue,
I am facing an issue where I want to cancel my order Please help me with this issue.,Cancellation,
I need help because I need my money back Can you resolve this?,Refund,
Could you please help? I want to cancel before it is shipped Please help me with this issue.,Cancellation,
I need assistance because How can I stop automatic renewal? Please look into this.,Subscription,
"Please help me, I cannot access my account Can you resolve this?",Account Issue,
"Please help me, When will I receive my refund? Please help.",Refund,
Could you please help? The delivery date has passed Please help.,Delivery Issue,
I am having a problem because I want to upgrade my plan Can you check this?,Subscription,
Can you help me? Something is missing from my order Please look into this.,Order Issue,
Can you help me? Cancel my recent order,Cancellation,
Could you please help? My account login is not working I need assistance.,Account Issue,
Can you help me? I have been waiting for my order I need assistance.,Delivery Issue,
I am facing an issue where The app keeps crashing What should I do?,Technical Issue,
"Please help me, Where is my refund? Please help me with this issue.",Refund,
I need assistance because I need my money back,Refund,
Where is my package? Can you resolve this?,Delivery Issue,
I am having a problem because My order has not arrived yet Can you check this?,Delivery Issue,
I need help because Can I cancel my order? Can you resolve this?,Cancellation,
Can you help me? My package has not been delivered Please help.,Delivery Issue,
I want to cancel my subscription Can you check this?,Subscription,
Can you help me? I want to downgrade my plan Please help.,Subscription,
Could you please help? Can I get a refund for this order? Can you resolve this?,Refund,
Could you please help? How can I cancel my order? What should I do?,Cancellation,
I need help because When does my subscription expire? What should I do?,Subscription,
Can I get a refund for this order? Please help me with this issue.,Refund,
"Please help me, How can I cancel my order?",Cancellation,
I am facing an issue where Can you cancel my order? Can you check this?,Cancellation,
Can you help me? I am unable to sign in,Account Issue,
Could you please help? My payment was deducted but the order was not placed Can you check this?,Payment Issue,
Can you help me? Can you tell me where my package is? Please look into this.,Delivery Issue,
I am having a problem because I want to downgrade my plan Can you resolve this?,Subscription,
I need assistance because I am getting an error message Can you check this?,Technical Issue,
I am facing an issue where I have been waiting for my order What should I do?,Delivery Issue,
Could you please help? I want to cancel before it is shipped Please help.,Cancellation,
"Please help me, Can I cancel my order? Please help.",Cancellation,
I am having a problem because How can I cancel my order? I need assistance.,Cancellation,
I need assistance because Can I cancel my order? Please help.,Cancellation,
Can you help me? How do I change my email address? I need assistance.,Account Issue,
"Please help me, I forgot my login details Can you check this?",Account Issue,
Can you help me? How can I upgrade my subscription? Can you check this?,Subscription,
I need assistance because My package is delayed Can you resolve this?,Delivery Issue,
I need help because I want to cancel before it is shipped What should I do?,Cancellation,
Could you please help? My order contains a damaged item Please help me with this issue.,Order Issue,
"Please help me, Please cancel this transaction Please help me with this issue.",Cancellation,
Could you please help? The delivery date has passed,Delivery Issue,
I am facing an issue where How can I upgrade my subscription? Please help me with this issue.,Subscription,
I am having a problem because The page keeps freezing Can you resolve this?,Technical Issue,
I need assistance because Can you tell me where my package is? What should I do?,Delivery Issue,
Can you help me? When does my subscription expire? Please look into this.,Subscription,
Can you help me? When does my subscription expire? Can you check this?,Subscription,
I am having a problem because The website is not working Can you resolve this?,Technical Issue,
I am having a problem because Please stop my order Please help.,Cancellation,
I am facing an issue where My password is not working I need assistance.,Account Issue,
"Please help me, My order contains the wrong product Please look into this.",Order Issue,
I am facing an issue where I have been waiting for my order Can you check this?,Delivery Issue,
"Please help me, Please cancel this transaction I need assistance.",Cancellation,
I am having a problem because How can I stop automatic renewal? I need assistance.,Subscription,
I need help because I want to change my subscription plan Can you check this?,Subscription,
I need help because Why is my refund delayed?,Refund,
Could you please help? The checkout page is not loading Please help me with this issue.,Technical Issue,
I need help because My order is showing the wrong item What should I do?,Order Issue,
I want to cancel my subscription Can you resolve this?,Subscription,
"Please help me, The website keeps showing an error Please help.",Technical Issue,
"Please help me, Can I get a refund for this order? Can you check this?",Refund,
I am having a problem because The checkout page is not loading Please help me with this issue.,Technical Issue,
Where is my refund? Please help.,Refund,
Can you help me? The product I received is different from what I ordered Can you resolve this?,Order Issue,
"Please help me, How can I manage my subscription? Please help me with this issue.",Subscription,
"Please help me, My subscription payment failed What should I do?",Subscription,
Can you help me? My transaction failed Can you resolve this?,Payment Issue,
I cannot complete my payment I need assistance.,Payment Issue,
I am having a problem because I need my money back,Refund,
The website keeps showing an error Can you check this?,Technical Issue,
Can you help me? The product I received is damaged What should I do?,Order Issue,
I am having a problem because My order contains a damaged item Please look into this.,Order Issue,
I am having a problem because I need help with my subscription Please look into this.,Subscription,
"Please help me, I cannot remember my password Please help.",Account Issue,
I need assistance because My order is showing the wrong item Can you resolve this?,Order Issue,
Can you help me? I placed the order by mistake Can you check this?,Cancellation,
Can you help me? Please refund my order Can you check this?,Refund,
I am having a problem because My order contains the wrong product Please look into this.,Order Issue,
I am having a problem because The app is very slow Can you resolve this?,Technical Issue,
I am facing an issue where Please refund my order I need assistance.,Refund,
I need help because My subscription payment failed Can you resolve this?,Subscription,
"Please help me, The app keeps crashing",Technical Issue,
I am facing an issue where How do I cancel a purchase? Can you resolve this?,Cancellation,
I am facing an issue where My order details are incorrect Please help.,Order Issue,
I am facing an issue where I received the wrong size What should I do?,Order Issue,
I need help because Why did my card payment fail?,Payment Issue,
I need assistance because I made a payment but it is still showing as pending Please look into this.,Payment Issue,
I need assistance because The delivery date has passed I need assistance.,Delivery Issue,
Could you please help? I want to downgrade my plan Can you resolve this?,Subscription,
I am having a problem because My order is showing the wrong item Please help me with this issue.,Order Issue,
Could you please help? Can you cancel my order? Can you check this?,Cancellation,
I am facing an issue where My delivery is late,Delivery Issue,
I am having a problem because I want to cancel the purchase Can you check this?,Cancellation,
I need assistance because Can I change my subscription? What should I do?,Subscription,
I need assistance because How long does a refund take? Please help me with this issue.,Refund,
There is a technical problem What should I do?,Technical Issue,
"Please help me, I was charged for a subscription I cancelled I need assistance.",Subscription,
My order is showing the wrong item Can you check this?,Order Issue,
Could you please help? My subscription payment failed Can you resolve this?,Subscription,
I am facing an issue where My order is incomplete Please help me with this issue.,Order Issue,
"Please help me, I want to return the payment and get a refund Please help.",Refund,
Can you help me? My order contains the wrong product Please look into this.,Order Issue,
I need assistance because My money has not been refunded Can you check this?,Refund,
I need assistance because Why did my card payment fail?,Payment Issue,
I need assistance because One item is missing from my order Please help me with this issue.,Order Issue,
I need assistance because I cannot open the application Can you check this?,Technical Issue,
I am having a problem because I am getting an error message I need assistance.,Technical Issue,
I need assistance because My money has not been refunded Please look into this.,Refund,
I need assistance because I am unable to sign in I need assistance.,Account Issue,
I am having a problem because I forgot my login details What should I do?,Account Issue,
How do I cancel a purchase? Please look into this.,Cancellation,
My account is locked Please help me with this issue.,Account Issue,
I am facing an issue where I want to change my subscription plan Please help.,Subscription,
I am facing an issue where My refund has not arrived Can you resolve this?,Refund,
I am facing an issue where When does my subscription expire? Can you check this?,Subscription,
Can you help me? Why is my delivery taking so long? Please help me with this issue.,Delivery Issue,
I am facing an issue where I cannot complete my payment What should I do?,Payment Issue,
I am facing an issue where The application stopped working Please help me with this issue.,Technical Issue,
Could you please help? There is a technical problem Can you check this?,Technical Issue,
Can you help me? I want to upgrade my plan,Subscription,
I am facing an issue where One item is missing from my order Please help.,Order Issue,
I am facing an issue where How long does a refund take? Can you resolve this?,Refund,
Can you help me? Can I change my subscription? I need assistance.,Subscription,
Can you help me? My order contains a damaged item I need assistance.,Order Issue,
I need help because The application stopped working Please help me with this issue.,Technical Issue,
"Please help me, I was charged twice for one order",Payment Issue,
I need help because Please cancel this transaction Please help me with this issue.,Cancellation,
Could you please help? My order has not arrived yet Please help me with this issue.,Delivery Issue,
The website is showing an error Can you resolve this?,Technical Issue,
Cancel my recent order I need assistance.,Cancellation,
I need help because My order contains the wrong product Please help.,Order Issue,
Can you help me? My payment was deducted but the order was not placed Please help.,Payment Issue,
How do I renew my subscription? What should I do?,Subscription,
I need assistance because My password is not working Can you check this?,Account Issue,
I need assistance because I want to return the payment and get a refund Can you check this?,Refund,
I need assistance because Can I change my subscription?,Subscription,
I am facing an issue where I was charged for a subscription I cancelled Please look into this.,Subscription,
"Please help me, My package is delayed Please help me with this issue.",Delivery Issue,
I am facing an issue where The refund was approved but I have not received it Can you resolve this?,Refund,
I am having a problem because I cannot open the application Please help.,Technical Issue,
I want a refund Please look into this.,Refund,
I am having a problem because The application is not responding Please help.,Technical Issue,
I need help because The product I received is different from what I ordered Please help me with this issue.,Order Issue,
I need assistance because How can I reset my password? Can you resolve this?,Account Issue,
I need assistance because I cannot log into my account Please look into this.,Account Issue,
I am having a problem because The website is showing an error Please look into this.,Technical Issue,
I am having a problem because I am unable to use the checkout page I need assistance.,Technical Issue,
The payment gateway is not working What should I do?,Payment Issue,
I need assistance because My order has not arrived yet Can you check this?,Delivery Issue,
My package has not been delivered Please look into this.,Delivery Issue,
I need assistance because My order is still in transit I need assistance.,Delivery Issue,
Can you help me? I cannot use the website Can you check this?,Technical Issue,
Please refund my order Please help.,Refund,
Can you help me? How can I manage my subscription?,Subscription,
"Please help me, The website is not working Can you check this?",Technical Issue,
I am having a problem because I want to cancel before it is shipped Please help.,Cancellation,
Can you help me? My package is delayed I need assistance.,Delivery Issue,
I need help because I have been waiting for my refund Please help me with this issue.,Refund,
Could you please help? I am getting an error message Can you resolve this?,Technical Issue,
I want to update my account information,Account Issue,
Can you help me? My money has not been refunded Please help.,Refund,
I need assistance because My delivery is late Please look into this.,Delivery Issue,
I am facing an issue where My account is locked What should I do?,Account Issue,
I need help because There is an item missing from my package Can you resolve this?,Order Issue,
I am facing an issue where Where is my refund? What should I do?,Refund,
"Please help me, Please cancel my purchase I need assistance.",Cancellation,
I need assistance because My order has not arrived yet Please help.,Delivery Issue,
Can you help me? How can I manage my subscription? What should I do?,Subscription,
I am facing an issue where The wrong product was delivered Please look into this.,Order Issue,
I am having a problem because Cancel my recent order Can you resolve this?,Cancellation,
I need assistance because My order is still in transit,Delivery Issue,
Can you help me? The refund was approved but I have not received it Can you check this?,Refund,
The payment gateway is not working Please help.,Payment Issue,
Could you please help? Why is my payment pending? I need assistance.,Payment Issue,
I am facing an issue where I need to cancel an order Please look into this.,Cancellation,
Can you help me? I want to return the payment and get a refund Please look into this.,Refund,
I need help because I have been waiting for my order What should I do?,Delivery Issue,
Can you help me? Please stop my order What should I do?,Cancellation,
I need help because My order contains the wrong product Please look into this.,Order Issue,
I need assistance because My refund has not arrived Please help me with this issue.,Refund,
I received a damaged product Please look into this.,Order Issue,
Can you help me? I cannot remember my password,Account Issue,
I need assistance because I cannot log into my account,Account Issue,
"Please help me, I cannot access my account Please look into this.",Account Issue,
I am unable to use the checkout page I need assistance.,Technical Issue,
"Please help me, My account login is not working",Account Issue,
"Please help me, How do I cancel a purchase? I need assistance.",Cancellation,
Could you please help? The payment gateway is not working What should I do?,Payment Issue,
"Please help me, I am having trouble accessing my account Can you resolve this?",Account Issue,
I need help because The tracking information has not updated I need assistance.,Delivery Issue,
Could you please help? Cancel my recent order I need assistance.,Cancellation,
The website is not working I need assistance.,Technical Issue,
I need help because My refund has not arrived Please help.,Refund,
"Please help me, How do I change my email address? Can you check this?",Account Issue,
Could you please help? The application stopped working I need assistance.,Technical Issue,
"Please help me, My package is delayed Can you check this?",Delivery Issue,
I am having a problem because I received the wrong size,Order Issue,
"Please help me, Where is my refund? Can you check this?",Refund,
I cannot remember my password Can you check this?,Account Issue,
Could you please help? The page keeps freezing What should I do?,Technical Issue,
Could you please help? The checkout page is not loading Please look into this.,Technical Issue,
I am facing an issue where The item I received is not what I purchased I need assistance.,Order Issue,
Can you help me? My order has not arrived yet What should I do?,Delivery Issue,
I am facing an issue where The app crashes whenever I open it,Technical Issue,
Could you please help? The website keeps showing an error Can you resolve this?,Technical Issue,
I need help because My order contains a damaged item I need assistance.,Order Issue,
I am facing an issue where The website is showing an error Please help.,Technical Issue,
I need help because My transaction failed Please help me with this issue.,Payment Issue,
I am facing an issue where My password is not working Can you resolve this?,Account Issue,
Can you help me? I want to downgrade my plan Can you check this?,Subscription,
Can you help me? How do I cancel a purchase? I need assistance.,Cancellation,
I am having a problem because Why was I charged for my subscription? Please help me with this issue.,Subscription,
Could you please help? The delivery date has passed Please help me with this issue.,Delivery Issue,
I need assistance because Please cancel my purchase I need assistance.,Cancellation,
I am having a problem because When does my subscription expire? I need assistance.,Subscription,
Could you please help? The website keeps showing an error Please help.,Technical Issue,
Can you help me? I made a payment but it is still showing as pending What should I do?,Payment Issue,
I need assistance because The website is showing an error Please help.,Technical Issue,
Could you please help? My subscription was renewed automatically Can you check this?,Subscription,
I am facing an issue where I cannot use the website Please look into this.,Technical Issue,
"Please help me, I need my money back Please help me with this issue.",Refund,
I am having a problem because I need to cancel an order What should I do?,Cancellation,
Could you please help? My delivery is late,Delivery Issue,
Could you please help? I changed my mind and want to cancel Please help.,Cancellation,
I need help because The delivery is taking longer than expected Can you check this?,Delivery Issue,
Can you help me? I cannot access my account Please look into this.,Account Issue,
I need help because I want to cancel before it is shipped,Cancellation,
I need help because I need help with my subscription Can you resolve this?,Subscription,
I am having a problem because My subscription payment failed Please help me with this issue.,Subscription,
Can you help me? My order is showing the wrong item Please help me with this issue.,Order Issue,
I want to update my account information I need assistance.,Account Issue,
Could you please help? The money was deducted from my account but the payment failed Please help.,Payment Issue,
Can you help me? Where is my refund? Can you resolve this?,Refund,
I need assistance because I want to return the payment and get a refund,Refund,
I am facing an issue where The application stopped working Please look into this.,Technical Issue,
Could you please help? My refund has not arrived Please look into this.,Refund,
"Please help me, My order has not arrived yet Can you check this?",Delivery Issue,
I need help because My transaction failed I need assistance.,Payment Issue,
"Please help me, The payment gateway is not working Can you resolve this?",Payment Issue,
Can you help me? Can I cancel my order? Can you check this?,Cancellation,
Please cancel this transaction,Cancellation,
Please cancel this transaction Please help.,Cancellation,
I need help because The refund was approved but I have not received it Can you resolve this?,Refund,
Can you help me? I cannot remember my password What should I do?,Account Issue,
I am facing an issue where I was charged twice for the same transaction What should I do?,Payment Issue,
I need help because The checkout page is not loading,Technical Issue,
I am facing an issue where I need my money back Please help me with this issue.,Refund,
"Please help me, The delivery date has passed Can you check this?",Delivery Issue,
"Please help me, My account login is not working Can you check this?",Account Issue,
Can you help me? I am having trouble accessing my account Please help me with this issue.,Account Issue,
Can you help me? My subscription payment failed,Subscription,
I need help because I want to return the payment and get a refund Can you check this?,Refund,
"Please help me, How can I stop automatic renewal? I need assistance.",Subscription,
I want to update my account information Please help me with this issue.,Account Issue,
Could you please help? I cannot complete my payment Please help me with this issue.,Payment Issue,
I need assistance because The delivery is taking longer than expected What should I do?,Delivery Issue,
There is an item missing from my package,Order Issue,
I need help because The website keeps showing an error Can you check this?,Technical Issue,
I am facing an issue where My order is incomplete What should I do?,Order Issue,
"Please help me, My order is showing the wrong item Can you resolve this?",Order Issue,
I need assistance because I cannot complete my payment What should I do?,Payment Issue,
I need help because How can I cancel my order? Can you check this?,Cancellation,
Can you help me? How can I change my password? Please look into this.,Account Issue,
I am having a problem because My package has not been delivered Please help me with this issue.,Delivery Issue,
I am having a problem because I want to cancel the purchase,Cancellation,
Can you help me? I was charged for a subscription I cancelled I need assistance.,Subscription,
Could you please help? My payment was deducted but the order was not placed Please help me with this issue.,Payment Issue,
I need help because Why is my delivery taking so long? What should I do?,Delivery Issue,
"Please help me, My password is not working",Account Issue,
Can you help me? The product I received is damaged Can you check this?,Order Issue,
Could you please help? The app crashes whenever I open it Can you check this?,Technical Issue,
"Please help me, My order contains a damaged item Please help me with this issue.",Order Issue,
I am having a problem because I have been waiting for my order Can you resolve this?,Delivery Issue,
I need help because I was charged for a subscription I cancelled Please help me with this issue.,Subscription,
I need assistance because I received the wrong size Can you check this?,Order Issue,
My refund has not arrived,Refund,
I am having a problem because One item is missing from my order Please help me with this issue.,Order Issue,
I need assistance because The checkout page is not loading Can you resolve this?,Technical Issue,
I need help because The app is very slow Can you check this?,Technical Issue,
"Please help me, My package is delayed Please help.",Delivery Issue,
I am having a problem because I cannot open the application Please look into this.,Technical Issue,
Could you please help? There is an item missing from my package Can you check this?,Order Issue,
I am facing an issue where The product I received is different from what I ordered I need assistance.,Order Issue,
I need help because When will my package be delivered? I need assistance.,Delivery Issue,
Could you please help? My order contains the wrong product What should I do?,Order Issue,
I need help because There is an item missing from my package Please look into this.,Order Issue,
I need help because My account is locked Please help.,Account Issue,
Could you please help? The website is not working Can you resolve this?,Technical Issue,
I am having a problem because Why was I charged for my subscription? Please help.,Subscription,
Could you please help? I am having trouble accessing my account Please help.,Account Issue,
I am having a problem because Can I change my subscription? What should I do?,Subscription,
"Please help me, Please process my refund What should I do?",Refund,
Could you please help? My order has not arrived yet,Delivery Issue,
Could you please help? I made a payment but it is still showing as pending Please look into this.,Payment Issue,
I am having a problem because The product I received is damaged Please help me with this issue.,Order Issue,
I need help because I want to update my account information,Account Issue,
Can I cancel my order? Please help.,Cancellation,
How can I cancel my order? Please look into this.,Cancellation,
"Please help me, I cannot log into my account Please help.",Account Issue,
I am facing an issue where My UPI payment failed Please help.,Payment Issue,
When will I receive my refund? Can you check this?,Refund,
I need assistance because I have been waiting for my refund Please look into this.,Refund,
Can you help me? The app keeps crashing Please help.,Technical Issue,
I am having a problem because The delivery date has passed Please help me with this issue.,Delivery Issue,
I am facing an issue where How do I update my phone number? Please help.,Account Issue,
I need help because The payment keeps getting declined Please help.,Payment Issue,
I need help because The payment was successful but the order was cancelled What should I do?,Payment Issue,
Can you help me? I received the wrong product I need assistance.,Order Issue,
My refund has not arrived Can you check this?,Refund,
Can you help me? The website is not working Can you resolve this?,Technical Issue,
I need help because My order is still in transit I need assistance.,Delivery Issue,
My order details are incorrect Please look into this.,Order Issue,
I need help because I changed my mind and want to cancel Please help.,Cancellation,
I want to return the payment and get a refund Please look into this.,Refund,
Can you help me? I no longer want this order Can you resolve this?,Cancellation,
I need help because I want a refund Please help me with this issue.,Refund,
Can you help me? My account is locked Please look into this.,Account Issue,
Can you help me? I no longer want this order Please help.,Cancellation,
Can you help me? Please stop my order Please look into this.,Cancellation,
Can you help me? The refund was approved but I have not received it Please help.,Refund,
"Please help me, I was charged for a subscription I cancelled What should I do?",Subscription,
"Please help me, I cannot complete my payment",Payment Issue,
I need help because I want to cancel my order Please look into this.,Cancellation,
Could you please help? The product I received is different from what I ordered Please help.,Order Issue,
I am facing an issue where My order is still in transit Please look into this.,Delivery Issue,
Could you please help? My package is delayed Please help me with this issue.,Delivery Issue,
I am having a problem because How can I reset my password?,Account Issue,
Why is my refund delayed? Can you check this?,Refund,
"Please help me, I was charged twice for one order I need assistance.",Payment Issue,
I need help because I want to cancel before it is shipped Please help.,Cancellation,
I need assistance because The payment was successful but the order was cancelled I need assistance.,Payment Issue,
I want to cancel before it is shipped,Cancellation,
Why is my delivery taking so long?,Delivery Issue,
"Please help me, I cannot open the application What should I do?",Technical Issue,
Can you help me? I placed the order by mistake Please look into this.,Cancellation,
"Please help me, The product I received is different from what I ordered Please help me with this issue.",Order Issue,
"Please help me, The app is very slow Please help.",Technical Issue,
Could you please help? The website is showing an error Can you check this?,Technical Issue,
"Please help me, Can you cancel my order? Please help.",Cancellation,
I need assistance because How can I cancel my order? Please help me with this issue.,Cancellation,
Could you please help? I want a refund Please help.,Refund,
I am facing an issue where Cancel my recent order Can you check this?,Cancellation,
I need assistance because The delivery date has passed Can you resolve this?,Delivery Issue,
I am facing an issue where Please cancel this transaction Please help me with this issue.,Cancellation,
Could you please help? Can you tell me where my package is? Can you check this?,Delivery Issue,
Can you help me? I am having trouble accessing my account What should I do?,Account Issue,
I am having a problem because I want to return the payment and get a refund Can you check this?,Refund,
I am facing an issue where Please process my refund Please help.,Refund,
Could you please help? The checkout page is not loading Can you check this?,Technical Issue,
"Please help me, I have been waiting for my order I need assistance.",Delivery Issue,
I need assistance because One item is missing from my order Can you resolve this?,Order Issue,
I am facing an issue where How do I cancel a purchase? Please help.,Cancellation,
I need help because I cannot use the website,Technical Issue,
Can you help me? My order details are incorrect Can you resolve this?,Order Issue,
"Please help me, How can I manage my subscription? Can you check this?",Subscription,
"Please help me, The delivery is taking longer than expected What should I do?",Delivery Issue,
I am having a problem because I want to update my account information Please help me with this issue.,Account Issue,
I am having a problem because The website is showing an error I need assistance.,Technical Issue,
I am facing an issue where I made a payment but it is still showing as pending,Payment Issue,
I am facing an issue where I am unable to sign in Please help me with this issue.,Account Issue,
"Please help me, How do I cancel a purchase? Please help me with this issue.",Cancellation,
I need help because There is an item missing from my package Can you check this?,Order Issue,
Can you help me? The application stopped working Can you resolve this?,Technical Issue,
"Please help me, When does my subscription expire? Please help.",Subscription,
I am facing an issue where How can I cancel my order? What should I do?,Cancellation,
I am facing an issue where When will I receive my refund? Can you resolve this?,Refund,
Can you help me? I was charged but my order still shows as unpaid,Payment Issue,
Can you help me? The application is not responding Can you check this?,Technical Issue,
I need help because I cannot complete my payment What should I do?,Payment Issue,
Can you help me? The website is not working Please help me with this issue.,Technical Issue,
Can you help me? I was charged twice for the same transaction Can you check this?,Payment Issue,
Could you please help? I was charged but my order still shows as unpaid Can you check this?,Payment Issue,
I am unable to sign in Can you resolve this?,Account Issue,
"Please help me, How can I change my password? Can you resolve this?",Account Issue,
"Please help me, I need help with my subscription",Subscription,
I need help because I forgot my password Can you resolve this?,Account Issue,
"Please help me, I have been waiting for my order Please help.",Delivery Issue,
I am facing an issue where The payment was successful but the order was cancelled Can you resolve this?,Payment Issue,
"Please help me, I cannot complete my payment Please look into this.",Payment Issue,
I am having a problem because I need to cancel an order Please help.,Cancellation,
I am having a problem because How can I manage my subscription? Please look into this.,Subscription,
I am having a problem because How do I update my phone number? Please help.,Account Issue,
"Please help me, I was charged for a subscription I cancelled Please help me with this issue.",Subscription,
Can you help me? How do I renew my subscription? Please help.,Subscription,
I need assistance because Can I change my subscription? Can you resolve this?,Subscription,
I need help because Can you cancel my order? What should I do?,Cancellation,
"Please help me, One item is missing from my order Please help me with this issue.",Order Issue,
I need help because The website is showing an error Can you check this?,Technical Issue,
I am facing an issue where The website keeps showing an error Please look into this.,Technical Issue,
I am facing an issue where I want to cancel my order Please look into this.,Cancellation,
I need help because Why is my payment pending? Can you resolve this?,Payment Issue,
I need assistance because When will my package be delivered? Please look into this.,Delivery Issue,
I am having a problem because Please refund my order Can you check this?,Refund,
I am facing an issue where My account is locked Please help.,Account Issue,
I am facing an issue where I am unable to use the checkout page Please look into this.,Technical Issue,
Can you help me? My subscription payment failed I need assistance.,Subscription,
I am having a problem because When will my package be delivered? Can you check this?,Delivery Issue,
I am having a problem because I want to update my account information I need assistance.,Account Issue,
Can you help me? Can I change my subscription? What should I do?,Subscription,
"Please help me, Where is my package? Please help.",Delivery Issue,
Could you please help? How can I cancel my order? Can you check this?,Cancellation,
Can you help me? There is an item missing from my package What should I do?,Order Issue,
Could you please help? Can I cancel my order? Please help me with this issue.,Cancellation,
Can you help me? The website is showing an error Please look into this.,Technical Issue,
I am having a problem because I received the wrong product Please look into this.,Order Issue,
Can you help me? When will my package be delivered? Please help.,Delivery Issue,
Could you please help? The website keeps showing an error Please look into this.,Technical Issue,
I am having a problem because I cannot log into my account,Account Issue,
Can you help me? The refund was approved but I have not received it Can you resolve this?,Refund,
Can you help me? Can you cancel my order? What should I do?,Cancellation,
I need help because I cannot access my account What should I do?,Account Issue,
Could you please help? How do I change my email address? Can you check this?,Account Issue,
"Please help me, I want to change my subscription plan",Subscription,
Could you please help? Why is my refund delayed? Please help me with this issue.,Refund,
I am having a problem because I want to cancel my order Can you check this?,Cancellation,
I need help because I changed my mind and want to cancel What should I do?,Cancellation,
Can you help me? How can I change my password? Please help.,Account Issue,
My order details are incorrect What should I do?,Order Issue,
Can you help me? When will my package be delivered? Please look into this.,Delivery Issue,
I am having a problem because I am unable to use the checkout page What should I do?,Technical Issue,
Could you please help? My UPI payment failed Please help.,Payment Issue,
The payment keeps getting declined Can you check this?,Payment Issue,
I am facing an issue where I have been waiting for my refund Can you check this?,Refund,
I need assistance because How long does a refund take? I need assistance.,Refund,
I am having a problem because My payment was deducted but the order was not placed,Payment Issue,
I am facing an issue where Please process my refund I need assistance.,Refund,
I am having a problem because I am getting an error message What should I do?,Technical Issue,
Could you please help? My order details are incorrect Please look into this.,Order Issue,
I am having a problem because My package is delayed Please look into this.,Delivery Issue,
I need help because Please refund my order Please help.,Refund,
I am having a problem because The website keeps showing an error Can you resolve this?,Technical Issue,
I cannot complete my payment Please help.,Payment Issue,
I need help because Something is missing from my order I need assistance.,Order Issue,
I need help because How can I manage my subscription? Please look into this.,Subscription,
I am facing an issue where I am having trouble accessing my account What should I do?,Account Issue,
Could you please help? I want to cancel the purchase,Cancellation,
Can you help me? My order is showing the wrong item,Order Issue,
How can I stop automatic renewal? Can you check this?,Subscription,
I need assistance because How do I cancel a purchase? I need assistance.,Cancellation,
I need help because Where is my refund? Please help me with this issue.,Refund,
I need help because The website is not working Please look into this.,Technical Issue,
I need help because My order contains a damaged item Please help.,Order Issue,
Can you help me? I am unable to use the checkout page Can you check this?,Technical Issue,
I need help because My UPI payment failed Please help me with this issue.,Payment Issue,
"Please help me, Where is my refund? Can you resolve this?",Refund,
"Please help me, I want to update my account information I need assistance.",Account Issue,
I am facing an issue where Please stop my order Can you check this?,Cancellation,
I need help because Can I cancel my order? Please help me with this issue.,Cancellation,
"Please help me, Can I get a refund for this order? Can you resolve this?",Refund,
I am having a problem because How can I cancel my order? Please help me with this issue.,Cancellation,
I need help because Please refund my order,Refund,
I am having a problem because When will my package be delivered? Can you resolve this?,Delivery Issue,
Could you please help? I received the wrong product Please look into this.,Order Issue,
I need help because I have been waiting for my refund Please look into this.,Refund,
Can you help me? I need help with my subscription I need assistance.,Subscription,
I am having a problem because I want to downgrade my plan Please help me with this issue.,Subscription,
Could you please help? My order contains a damaged item Please look into this.,Order Issue,
Could you please help? The wrong product was delivered Please help me with this issue.,Order Issue,
Where is my package? Please look into this.,Delivery Issue,
Could you please help? I no longer want this order I need assistance.,Cancellation,
I need assistance because The app crashes whenever I open it Please help.,Technical Issue,
I need assistance because I want to cancel my subscription Please help.,Subscription,
Why is my refund delayed? Please help.,Refund,
"Please help me, How can I stop automatic renewal? What should I do?",Subscription,
I am having a problem because Can I change my subscription?,Subscription,
Can you help me? My subscription payment failed Can you resolve this?,Subscription,
I am having a problem because The courier has not delivered my package Please look into this.,Delivery Issue,
I am having a problem because I want a refund What should I do?,Refund,
I need assistance because I received a damaged product Can you resolve this?,Order Issue,
I am having a problem because When will my package be delivered? What should I do?,Delivery Issue,
Can you help me? Something is missing from my order I need assistance.,Order Issue,
The page keeps freezing What should I do?,Technical Issue,
I am having a problem because I have been waiting for my refund What should I do?,Refund,
I am having a problem because The website is not working Please help me with this issue.,Technical Issue,
"Please help me, The courier has not delivered my package Please look into this.",Delivery Issue,
I am having trouble accessing my account What should I do?,Account Issue,
I cannot access my account I need assistance.,Account Issue,
I am having a problem because My order is incomplete Can you check this?,Order Issue,
I am having a problem because How do I renew my subscription? Please help.,Subscription,
"Please help me, Can I cancel my order? I need assistance.",Cancellation,
I am facing an issue where The item I received is not what I purchased Can you resolve this?,Order Issue,
Can you help me? My account is locked,Account Issue,
My account login is not working Can you check this?,Account Issue,
I am facing an issue where My package is delayed I need assistance.,Delivery Issue,
Can you help me? How can I manage my subscription? Please look into this.,Subscription,
Could you please help? I have been waiting for my order Can you resolve this?,Delivery Issue,
"Please help me, Where is my package? Can you check this?",Delivery Issue,
I need help because My order has not arrived yet Please help me with this issue.,Delivery Issue,
The product I received is different from what I ordered What should I do?,Order Issue,
I need help because How can I change my password? I need assistance.,Account Issue,
I am having a problem because Please stop my order,Cancellation,
I need assistance because Why is my payment pending? Please help.,Payment Issue,
I am having a problem because I want a refund,Refund,
I need help because The product I received is damaged,Order Issue,
Can you help me? How can I change my password?,Account Issue,
I am having a problem because Something is missing from my order,Order Issue,
I am facing an issue where The tracking information has not updated What should I do?,Delivery Issue,
I am facing an issue where I want to change my subscription plan Can you check this?,Subscription,
I need help because How do I renew my subscription? Please help.,Subscription,
"Please help me, The website is not working Please help me with this issue.",Technical Issue,
Can you help me? Cancel my recent order Can you resolve this?,Cancellation,
Can you help me? The delivery is taking longer than expected What should I do?,Delivery Issue,
Could you please help? How can I change my password? Can you check this?,Account Issue,
I am facing an issue where I have been waiting for my refund Please look into this.,Refund,
Can I cancel my order? Can you resolve this?,Cancellation,
"Please help me, How can I reset my password? Please help me with this issue.",Account Issue,
My order contains a damaged item Please help.,Order Issue,
I need assistance because I have been waiting for my refund Please help me with this issue.,Refund,
"Please help me, How do I renew my subscription? Can you check this?",Subscription,
Why did my card payment fail? Please help me with this issue.,Payment Issue,
"Please help me, The courier has not delivered my package Please help.",Delivery Issue,
I need assistance because Can I cancel my order?,Cancellation,
I need help because Where is my refund? What should I do?,Refund,
I am having a problem because Why is my refund delayed? Please look into this.,Refund,
I am facing an issue where The payment keeps getting declined Please look into this.,Payment Issue,
I am facing an issue where The delivery date has passed Please help me with this issue.,Delivery Issue,
I am facing an issue where My subscription was renewed automatically Can you check this?,Subscription,
I need help with my subscription,Subscription,
I need assistance because Please cancel my purchase Please look into this.,Cancellation,
"Please help me, The tracking information has not updated",Delivery Issue,
I am having a problem because How do I cancel a purchase? Please help me with this issue.,Cancellation,
Can you help me? My order details are incorrect Please help me with this issue.,Order Issue,
I am facing an issue where Why is my payment pending?,Payment Issue,
I need help because I cannot access my account Please help.,Account Issue,
Can you help me? The app keeps crashing Please look into this.,Technical Issue,
"Please help me, How can I cancel my order? I need assistance.",Cancellation,
My money has not been refunded What should I do?,Refund,
"Please help me, The delivery is taking longer than expected",Delivery Issue,
Can you help me? I want to cancel before it is shipped Can you check this?,Cancellation,
I cannot access my account Please help me with this issue.,Account Issue,
"Please help me, How can I stop automatic renewal? Please help me with this issue.",Subscription,
Where is my refund? Please help me with this issue.,Refund,
I need help because I cannot open the application I need assistance.,Technical Issue,
I need help because The app keeps crashing Please look into this.,Technical Issue,
Can you help me? Please cancel my purchase Please look into this.,Cancellation,
"Please help me, The website is not working Please look into this.",Technical Issue,
Could you please help? The application stopped working What should I do?,Technical Issue,
Could you please help? There is a technical problem Can you resolve this?,Technical Issue,
Where is my refund?,Refund,
I need help because I want to return the payment and get a refund I need assistance.,Refund,
I am having a problem because My payment was deducted but the order was not placed Please look into this.,Payment Issue,
Can you help me? My order contains the wrong product Please help me with this issue.,Order Issue,
"Please help me, I am having trouble accessing my account I need assistance.",Account Issue,
I need assistance because The payment was successful but the order was cancelled,Payment Issue,
Can you help me? How do I cancel a purchase? Can you resolve this?,Cancellation,
Can you help me? I need my money back Please help me with this issue.,Refund,
Can you help me? Please cancel my purchase I need assistance.,Cancellation,
I am having a problem because Why did my card payment fail? What should I do?,Payment Issue,
I need assistance because Please refund my order Can you resolve this?,Refund,
I need my money back Can you check this?,Refund,
Could you please help? How can I stop automatic renewal? I need assistance.,Subscription,
I am facing an issue where I no longer want this order Please look into this.,Cancellation,
I need assistance because I forgot my login details Can you check this?,Account Issue,
I am having a problem because I placed the order by mistake Please look into this.,Cancellation,
I need assistance because I need to cancel an order Can you resolve this?,Cancellation,
I need help because The payment was successful but the order was cancelled Please look into this.,Payment Issue,
I need help because The courier has not delivered my package Can you check this?,Delivery Issue,
Can you help me? My payment was deducted but the order was not placed Please look into this.,Payment Issue,
I need help because I need my money back Please help.,Refund,
I need assistance because How can I stop automatic renewal? I need assistance.,Subscription,
I was charged twice for the same transaction Can you resolve this?,Payment Issue,
I need assistance because My payment failed while placing the order Can you resolve this?,Payment Issue,
I need assistance because Please cancel my purchase,Cancellation,
I need help because My account is locked What should I do?,Account Issue,
I need assistance because My account login is not working I need assistance.,Account Issue,
I need help because I changed my mind and want to cancel I need assistance.,Cancellation,
I need assistance because I was charged twice for one order Please help me with this issue.,Payment Issue,
I need help because I received a damaged product,Order Issue,
I need assistance because Why did my card payment fail? Please help.,Payment Issue,
Could you please help? The item I received is not what I purchased,Order Issue,
I need help because I need to cancel an order I need assistance.,Cancellation,
I am facing an issue where Can I change my subscription?,Subscription,
Why did my card payment fail? Can you resolve this?,Payment Issue,
I received a damaged product Please help me with this issue.,Order Issue,
Could you please help? How do I update my phone number? Please look into this.,Account Issue,
Can you help me? One item is missing from my order Please help me with this issue.,Order Issue,
Could you please help? I was charged for a subscription I cancelled Please help me with this issue.,Subscription,
Can you help me? I want to cancel the purchase Please look into this.,Cancellation,
Could you please help? Why was I charged for my subscription? What should I do?,Subscription,
"Please help me, The website keeps showing an error What should I do?",Technical Issue,
I am having a problem because How can I upgrade my subscription? What should I do?,Subscription,
Can you help me? I want to downgrade my plan What should I do?,Subscription,
I need assistance because My order is showing the wrong item Can you check this?,Order Issue,
Can you help me? I made a payment but it is still showing as pending,Payment Issue,
The website keeps showing an error What should I do?,Technical Issue,
I cannot access my account Please help.,Account Issue,
I need help because I want to upgrade my plan I need assistance.,Subscription,
I need assistance because How can I change my password? Can you resolve this?,Account Issue,
Can you help me? Please cancel my purchase Please help me with this issue.,Cancellation,
Can you help me? I cannot log into my account Can you check this?,Account Issue,
I need help because The refund was approved but I have not received it,Refund,
I am facing an issue where I cannot complete my payment Please look into this.,Payment Issue,
I need help because Can I get a refund for this order?,Refund,
Can you help me? Can you cancel my order? I need assistance.,Cancellation,
I am getting an error message Can you resolve this?,Technical Issue,
My package has not been delivered Can you resolve this?,Delivery Issue,
"Please help me, The checkout page is not loading Can you check this?",Technical Issue,
Can you help me? How do I change my email address?,Account Issue,
Can you help me? How can I upgrade my subscription? Please help.,Subscription,
Can you help me? How do I cancel a purchase? Please look into this.,Cancellation,
I am facing an issue where How can I stop automatic renewal? Please help me with this issue.,Subscription,
My order has not arrived yet Please help me with this issue.,Delivery Issue,
"Please help me, My subscription payment failed Can you check this?",Subscription,
I need help because The payment was successful but the order was cancelled Please help me with this issue.,Payment Issue,
Could you please help? How can I reset my password? Please look into this.,Account Issue,
"Please help me, I cannot complete my payment Can you check this?",Payment Issue,
"Please help me, I was charged for a subscription I cancelled Can you resolve this?",Subscription,
"Please help me, I cannot access my account Please help.",Account Issue,
I need help because I was charged twice for the same transaction,Payment Issue,
I am having a problem because My payment failed while placing the order What should I do?,Payment Issue,
How can I cancel my order? Please help me with this issue.,Cancellation,
Can you help me? My money has not been refunded I need assistance.,Refund,
How can I reset my password?,Account Issue,
Could you please help? The item I received is not what I purchased Please help me with this issue.,Order Issue,
I am facing an issue where Where is my package? What should I do?,Delivery Issue,
I am having a problem because My order details are incorrect Please help.,Order Issue,
Can you help me? I want to cancel before it is shipped Please look into this.,Cancellation,
I need help because The product I received is different from what I ordered I need assistance.,Order Issue,
I need help because My subscription was renewed automatically Please look into this.,Subscription,
Can I change my subscription? What should I do?,Subscription,
I need help because I was charged twice for one order Please help.,Payment Issue,
I need assistance because Please cancel this transaction Please look into this.,Cancellation,
I am having a problem because I received a damaged product Can you resolve this?,Order Issue,
I am facing an issue where I received the wrong size Please look into this.,Order Issue,
I need help because Please cancel my purchase I need assistance.,Cancellation,
Can you help me? Can I get a refund for this order? Can you check this?,Refund,
I need assistance because How do I renew my subscription? I need assistance.,Subscription,
I am facing an issue where My package has not been delivered Can you resolve this?,Delivery Issue,
Can you help me? My order contains a damaged item Please look into this.,Order Issue,
My order details are incorrect Can you resolve this?,Order Issue,
"Please help me, Can I get a refund for this order?",Refund,
I am facing an issue where How do I update my phone number? What should I do?,Account Issue,
I need assistance because I was charged twice for one order What should I do?,Payment Issue,
I need help because The payment keeps getting declined I need assistance.,Payment Issue,
"Please help me, How can I upgrade my subscription? Can you resolve this?",Subscription,
I am facing an issue where My UPI payment failed Please look into this.,Payment Issue,
"Please help me, My order details are incorrect",Order Issue,
"Please help me, My UPI payment failed Please help me with this issue.",Payment Issue,
Could you please help? I was charged but my order still shows as unpaid Please help me with this issue.,Payment Issue,
I need assistance because When will my package be delivered? Please help.,Delivery Issue,
I am facing an issue where There is an item missing from my package Please help me with this issue.,Order Issue,
I am facing an issue where The app keeps crashing I need assistance.,Technical Issue,
Could you please help? How can I change my password? Please look into this.,Account Issue,
Can you help me? I am unable to use the checkout page Can you resolve this?,Technical Issue,
Could you please help? I cannot access my account What should I do?,Account Issue,
I am having a problem because My shipment is stuck in transit,Delivery Issue,
I am having a problem because I cannot log into my account Can you resolve this?,Account Issue,
Could you please help? I forgot my login details What should I do?,Account Issue,
Could you please help? I am unable to use the checkout page Can you resolve this?,Technical Issue,
"Please help me, My order is showing the wrong item Can you check this?",Order Issue,
I am facing an issue where I received the wrong product Please help me with this issue.,Order Issue,
My package is delayed Please help me with this issue.,Delivery Issue,
I am having a problem because Something is missing from my order Please help.,Order Issue,
I need assistance because The checkout page is not loading Please look into this.,Technical Issue,
I am facing an issue where How can I cancel my order? Please help.,Cancellation,
"Please help me, My order is showing the wrong item Please help me with this issue.",Order Issue,
I changed my mind and want to cancel What should I do?,Cancellation,
I need assistance because The website is not working Please look into this.,Technical Issue,
"Please help me, My order contains the wrong product Please help me with this issue.",Order Issue,
I need assistance because Cancel my recent order Please look into this.,Cancellation,
I need help because I was charged but my order still shows as unpaid Please help me with this issue.,Payment Issue,
Could you please help? Can you cancel my order? Please help me with this issue.,Cancellation,
I need help because I cannot remember my password What should I do?,Account Issue,
I am having a problem because I cannot open the application Can you check this?,Technical Issue,
I need help because How long does a refund take?,Refund,
The item I received is not what I purchased Please help me with this issue.,Order Issue,
I need help because How can I stop automatic renewal? I need assistance.,Subscription,
"Please help me, My order contains the wrong product Can you resolve this?",Order Issue,
Could you please help? How long does a refund take? Can you resolve this?,Refund,
How long does a refund take? What should I do?,Refund,
I am facing an issue where The product I received is different from what I ordered,Order Issue,
I am facing an issue where I need help with my subscription What should I do?,Subscription,
I need help because I want to return the payment and get a refund Can you resolve this?,Refund,
Could you please help? I placed the order by mistake I need assistance.,Cancellation,
I need assistance because My payment failed while placing the order Please help.,Payment Issue,
Could you please help? Can I change my subscription? Can you resolve this?,Subscription,
I am having a problem because My account login is not working,Account Issue,
I need help because Why is my payment pending? Please help me with this issue.,Payment Issue,
I need help because The app is very slow Can you resolve this?,Technical Issue,
I need assistance because My order contains the wrong product What should I do?,Order Issue,
I am facing an issue where I cannot use the website Please help.,Technical Issue,
Can you help me? Please cancel this transaction Please help.,Cancellation,
How can I change my password? What should I do?,Account Issue,
Can you help me? The tracking information has not updated I need assistance.,Delivery Issue,
I am having a problem because How can I request a refund? Please help me with this issue.,Refund,
I need assistance because I need my money back Please help.,Refund,
Please cancel this transaction Please help me with this issue.,Cancellation,
I am having a problem because Why is my delivery taking so long? What should I do?,Delivery Issue,
I am facing an issue where I no longer want this order Please help me with this issue.,Cancellation,
I am facing an issue where Cancel my recent order Please help.,Cancellation,
I need help because How do I change my email address? Can you resolve this?,Account Issue,
I am having a problem because How can I manage my subscription? Please help me with this issue.,Subscription,
"Please help me, The delivery is taking longer than expected Please help.",Delivery Issue,
"Please help me, The payment gateway is not working Please look into this.",Payment Issue,
I am facing an issue where How can I reset my password?,Account Issue,
Can you help me? My account is locked What should I do?,Account Issue,
The wrong product was delivered Please look into this.,Order Issue,
I am facing an issue where The refund was approved but I have not received it Can you check this?,Refund,
I need assistance because I want to update my account information Can you check this?,Account Issue,
I am facing an issue where I cannot use the website I need assistance.,Technical Issue,
"Please help me, I placed the order by mistake Please look into this.",Cancellation,
I am having a problem because I want to cancel my order What should I do?,Cancellation,
Can you help me? How can I request a refund? Can you check this?,Refund,
Where is my refund? Please look into this.,Refund,
I need assistance because The money was deducted from my account but the payment failed What should I do?,Payment Issue,
Can you help me? I was charged twice for one order Please help.,Payment Issue,
I am having a problem because I want to change my subscription plan I need assistance.,Subscription,
I am having a problem because I received a damaged product,Order Issue,
Can you help me? Where is my package? Can you check this?,Delivery Issue,
Can you help me? The refund was approved but I have not received it Please look into this.,Refund,
I need assistance because Why is my delivery taking so long? I need assistance.,Delivery Issue,
Could you please help? I want to cancel before it is shipped Please look into this.,Cancellation,
"Please help me, I want to downgrade my plan Please look into this.",Subscription,
How long does a refund take?,Refund,
I am having a problem because Please process my refund Can you resolve this?,Refund,
Can you help me? Something is missing from my order Please help.,Order Issue,
Could you please help? I received the wrong size Can you check this?,Order Issue,
I changed my mind and want to cancel Can you check this?,Cancellation,
Could you please help? The delivery date has passed Can you resolve this?,Delivery Issue,
Can you help me? There is an item missing from my package,Order Issue,
I am having a problem because The checkout page is not loading Can you check this?,Technical Issue,
I am facing an issue where The application stopped working I need assistance.,Technical Issue,
My order is incomplete Please help me with this issue.,Order Issue,
I need help because Please cancel this transaction Please look into this.,Cancellation,
Can you help me? Can you tell me where my package is? Can you resolve this?,Delivery Issue,
I am having a problem because My package is delayed Please help me with this issue.,Delivery Issue,
I need help because I no longer want this order Please help me with this issue.,Cancellation,
I need help because I forgot my password Please help.,Account Issue,
I am having a problem because The refund was approved but I have not received it Please look into this.,Refund,
I need help because My account login is not working,Account Issue,
The app crashes whenever I open it Please help me with this issue.,Technical Issue,
I am facing an issue where I want to upgrade my plan Please look into this.,Subscription,
Why is my delivery taking so long? I need assistance.,Delivery Issue,
Can you help me? The app crashes whenever I open it,Technical Issue,
Could you please help? The wrong product was delivered Can you resolve this?,Order Issue,
Can you help me? The website is showing an error Can you resolve this?,Technical Issue,
I need assistance because Please cancel this transaction,Cancellation,
I need assistance because How do I change my email address? Please help me with this issue.,Account Issue,
The website is showing an error I need assistance.,Technical Issue,
"Please help me, The delivery date has passed",Delivery Issue,
The payment keeps getting declined I need assistance.,Payment Issue,
"Please help me, My payment failed while placing the order Can you check this?",Payment Issue,
I am having a problem because The wrong product was delivered Can you resolve this?,Order Issue,
I need help because Why is my refund delayed? Can you resolve this?,Refund,
"Please help me, I cannot remember my password Please help me with this issue.",Account Issue,
Could you please help? How can I upgrade my subscription? Can you resolve this?,Subscription,
Can you help me? My password is not working Can you check this?,Account Issue,
I am having a problem because Can I change my subscription? I need assistance.,Subscription,
I need assistance because The app crashes whenever I open it,Technical Issue,
I am having a problem because I am getting an error message Please help.,Technical Issue,
"Please help me, How do I change my email address? Please look into this.",Account Issue,
Could you please help? The page keeps freezing,Technical Issue,
I need assistance because How long does a refund take? Can you resolve this?,Refund,
Can you help me? Where is my package? Please help.,Delivery Issue,
Could you please help? I want to return the payment and get a refund Can you resolve this?,Refund,
I need assistance because I cannot use the website Please look into this.,Technical Issue,
Can you help me? How can I stop automatic renewal? Can you check this?,Subscription,
Can you help me? My UPI payment failed Please look into this.,Payment Issue,
I need assistance because I want to change my subscription plan Can you resolve this?,Subscription,
I am having a problem because My shipment is stuck in transit Can you resolve this?,Delivery Issue,
I need help because I cannot remember my password,Account Issue,
I am facing an issue where I want to return the payment and get a refund Can you check this?,Refund,
I need help because My subscription payment failed Can you check this?,Subscription,
Can you help me? The money was deducted from my account but the payment failed Can you resolve this?,Payment Issue,
My subscription payment failed What should I do?,Subscription,
I am facing an issue where I was charged for a subscription I cancelled Can you resolve this?,Subscription,
I need help because I want to update my account information Can you resolve this?,Account Issue,
I need help because The website is not working I need assistance.,Technical Issue,
Can you help me? How do I change my email address? Please help me with this issue.,Account Issue,
The app crashes whenever I open it,Technical Issue,
I am having a problem because Where is my refund? What should I do?,Refund,
Can you help me? I made a payment but it is still showing as pending I need assistance.,Payment Issue,
I am having a problem because I am having trouble accessing my account I need assistance.,Account Issue,
"Please help me, My order is still in transit What should I do?",Delivery Issue,
My account is locked Please help.,Account Issue,
I am facing an issue where I am unable to sign in Can you resolve this?,Account Issue,
My order is incomplete Please look into this.,Order Issue,
I need assistance because My order contains a damaged item Can you resolve this?,Order Issue,
I need help because My subscription was renewed automatically Can you check this?,Subscription,
I cannot remember my password Please look into this.,Account Issue,
Could you please help? The app keeps crashing Can you check this?,Technical Issue,
I need my money back Please look into this.,Refund,
"Please help me, My payment was deducted but the order was not placed What should I do?",Payment Issue,
I am having a problem because I changed my mind and want to cancel,Cancellation,
My transaction failed Please help.,Payment Issue,
I need assistance because I made a payment but it is still showing as pending,Payment Issue,
I am having a problem because There is a technical problem Please help me with this issue.,Technical Issue,
Can you help me? I was charged twice for the same transaction I need assistance.,Payment Issue,
"Please help me, I am unable to sign in Please look into this.",Account Issue,
I am facing an issue where My shipment is stuck in transit What should I do?,Delivery Issue,
I am facing an issue where My order contains the wrong product What should I do?,Order Issue,
Can you help me? I have been waiting for my refund What should I do?,Refund,
Could you please help? My transaction failed What should I do?,Payment Issue,
I cannot remember my password Please help.,Account Issue,
Could you please help? I received the wrong size Please help.,Order Issue,
Could you please help? My refund has not arrived Please help.,Refund,
I need assistance because The delivery date has passed Please help me with this issue.,Delivery Issue,
I need assistance because Where is my package? Please help me with this issue.,Delivery Issue,
I am facing an issue where Can I get a refund for this order?,Refund,
I am facing an issue where I placed the order by mistake Please help.,Cancellation,
My password is not working Please help.,Account Issue,
Can you help me? My subscription payment failed Please help.,Subscription,
Please refund my order Please help me with this issue.,Refund,
I need assistance because My order is incomplete I need assistance.,Order Issue,
Could you please help? My transaction failed Can you check this?,Payment Issue,
Can you help me? My order contains the wrong product Please help.,Order Issue,
Can you help me? The refund was approved but I have not received it Please help me with this issue.,Refund,
I am having a problem because I want to cancel my order Can you resolve this?,Cancellation,
I need help because I was charged twice for the same transaction Please look into this.,Payment Issue,
I am having a problem because I want a refund Please help.,Refund,
I need assistance because I am getting an error message Please help.,Technical Issue,
I need assistance because When will I receive my refund? Can you check this?,Refund,
Can you help me? I want to upgrade my plan Can you resolve this?,Subscription,
I need help because The website is showing an error Can you resolve this?,Technical Issue,
"Please help me, My subscription was renewed automatically",Subscription,
I am facing an issue where I was charged twice for the same transaction I need assistance.,Payment Issue,
Can you help me? My delivery is late,Delivery Issue,
I need assistance because My order is showing the wrong item I need assistance.,Order Issue,
My order is incomplete Can you resolve this?,Order Issue,
I need assistance because The website keeps showing an error What should I do?,Technical Issue,
I need help because My order is showing the wrong item,Order Issue,
"Please help me, I cannot use the website Can you resolve this?",Technical Issue,
I need assistance because I received a damaged product I need assistance.,Order Issue,
I received the wrong product I need assistance.,Order Issue,
I am facing an issue where When will I receive my refund?,Refund,
I am having a problem because The payment keeps getting declined,Payment Issue,
I am facing an issue where The application is not responding Can you check this?,Technical Issue,
I am facing an issue where My order details are incorrect What should I do?,Order Issue,
Could you please help? How do I cancel a purchase? What should I do?,Cancellation,
I made a payment but it is still showing as pending Please help.,Payment Issue,
I am having a problem because The application is not responding,Technical Issue,
I no longer want this order Please help.,Cancellation,
Could you please help? The website is not working Please help.,Technical Issue,
The application stopped working Please help me with this issue.,Technical Issue,
"Please help me, Please cancel my purchase Please look into this.",Cancellation,
I am having a problem because I want to cancel my subscription Please help me with this issue.,Subscription,
I am having a problem because The refund was approved but I have not received it I need assistance.,Refund,
I need assistance because I no longer want this order Please help.,Cancellation,
I need assistance because Please cancel this transaction Please help me with this issue.,Cancellation,
Can you help me? How can I reset my password? Can you check this?,Account Issue,
Can you help me? The application stopped working,Technical Issue,
Could you please help? My order contains the wrong product,Order Issue,
Where is my package? Can you check this?,Delivery Issue,
How can I upgrade my subscription? What should I do?,Subscription,
I received the wrong product Can you check this?,Order Issue,
Can you help me? Why is my payment pending? Please look into this.,Payment Issue,
I am having a problem because The product I received is damaged Can you check this?,Order Issue,
I need assistance because The application stopped working,Technical Issue,
I need assistance because How can I upgrade my subscription? I need assistance.,Subscription,
I am having a problem because The product I received is different from what I ordered Please help.,Order Issue,
My money has not been refunded Please help.,Refund,
I need assistance because My order is incomplete Please look into this.,Order Issue,
I am facing an issue where I cannot access my account Can you resolve this?,Account Issue,
"Please help me, I changed my mind and want to cancel Please look into this.",Cancellation,
Could you please help? Please cancel this transaction Please look into this.,Cancellation,
I am unable to use the checkout page,Technical Issue,
Can you help me? The checkout page is not loading I need assistance.,Technical Issue,
Can you help me? When does my subscription expire? Please help.,Subscription,
I am facing an issue where I want to change my subscription plan Please look into this.,Subscription,
I need assistance because My order has not arrived yet Please help me with this issue.,Delivery Issue,
"Please help me, My order contains the wrong product Please help.",Order Issue,
Could you please help? Why is my refund delayed?,Refund,
I am having a problem because The refund was approved but I have not received it What should I do?,Refund,
Can you help me? I cannot use the website Please look into this.,Technical Issue,
Can you help me? The delivery date has passed Please help.,Delivery Issue,
Could you please help? There is an item missing from my package Please look into this.,Order Issue,
I need help because My shipment is stuck in transit,Delivery Issue,
I need help because I have been waiting for my order Please help.,Delivery Issue,
"Please help me, The app keeps crashing Can you check this?",Technical Issue,
"Please help me, I received the wrong product What should I do?",Order Issue,
I am facing an issue where How can I change my password? Please help.,Account Issue,
I need assistance because My package is delayed,Delivery Issue,
I am facing an issue where My subscription was renewed automatically Please help me with this issue.,Subscription,
I need assistance because How can I cancel my order? Please help.,Cancellation,
Could you please help? I want to upgrade my plan Please help.,Subscription,
I need assistance because The product I received is damaged Please help me with this issue.,Order Issue,
I need assistance because How can I request a refund?,Refund,
"Please help me, There is an item missing from my package Please help.",Order Issue,
I am having a problem because I was charged for a subscription I cancelled Please help me with this issue.,Subscription,
I need help because The item I received is not what I purchased,Order Issue,
I need assistance because The refund was approved but I have not received it Please help me with this issue.,Refund,
I need assistance because My password is not working Please look into this.,Account Issue,
"Please help me, My order contains a damaged item I need assistance.",Order Issue,
I need assistance because I want to cancel my subscription,Subscription,
"Please help me, My subscription payment failed",Subscription,
I need help because The application is not responding,Technical Issue,
The application is not responding Please look into this.,Technical Issue,
Can you help me? Can I change my subscription? Please help me with this issue.,Subscription,
I need help because My transaction failed Can you check this?,Payment Issue,
I am having a problem because My UPI payment failed Please help me with this issue.,Payment Issue,
Why is my delivery taking so long? What should I do?,Delivery Issue,
"Please help me, The payment was successful but the order was cancelled Can you check this?",Payment Issue,
Could you please help? Where is my refund? Please help.,Refund,
One item is missing from my order Please help.,Order Issue,
I need assistance because The app crashes whenever I open it Please look into this.,Technical Issue,
I am facing an issue where Please refund my order Please help.,Refund,
I need help because How do I update my phone number? Can you check this?,Account Issue,
Could you please help? The item I received is not what I purchased I need assistance.,Order Issue,
Can you help me? I cannot access my account Can you check this?,Account Issue,
Could you please help? I changed my mind and want to cancel Please look into this.,Cancellation,
I am having a problem because The payment gateway is not working Please help me with this issue.,Payment Issue,
Can you help me? How can I upgrade my subscription? I need assistance.,Subscription,
I need help because The app crashes whenever I open it Please look into this.,Technical Issue,
"Please help me, My shipment is stuck in transit What should I do?",Delivery Issue,
Can you help me? The website keeps showing an error,Technical Issue,
I am having a problem because How long does a refund take? Please look into this.,Refund,
Why was I charged for my subscription?,Subscription,
"Please help me, My subscription payment failed Please help.",Subscription,
I need assistance because The product I received is different from what I ordered What should I do?,Order Issue,
Can you help me? The application stopped working Can you check this?,Technical Issue,
Can you help me? My order details are incorrect Please help.,Order Issue,
Can you help me? My order contains the wrong product What should I do?,Order Issue,
I need help because Something is missing from my order Please look into this.,Order Issue,
Could you please help? I was charged for a subscription I cancelled Please help.,Subscription,
I am facing an issue where The page keeps freezing,Technical Issue,
I need help because I no longer want this order What should I do?,Cancellation,
My order has not arrived yet What should I do?,Delivery Issue,
I am facing an issue where When will I receive my refund? I need assistance.,Refund,
Can you help me? The page keeps freezing I need assistance.,Technical Issue,
I need assistance because I placed the order by mistake Can you resolve this?,Cancellation,
I cannot log into my account Please help.,Account Issue,
"Please help me, My account login is not working Can you resolve this?",Account Issue,
I am having a problem because I forgot my password I need assistance.,Account Issue,
Could you please help? I cannot use the website Please help me with this issue.,Technical Issue,
Could you please help? I no longer want this order Please help.,Cancellation,
I am having a problem because I am getting an error message Can you resolve this?,Technical Issue,
I am facing an issue where I was charged for a subscription I cancelled What should I do?,Subscription,
I am having a problem because My money has not been refunded I need assistance.,Refund,
I am facing an issue where The page keeps freezing Please look into this.,Technical Issue,
I need help because How can I request a refund? I need assistance.,Refund,
I need help because The app is very slow What should I do?,Technical Issue,
I need assistance because My delivery is late Please help.,Delivery Issue,
I need help because Please cancel my purchase Please look into this.,Cancellation,
I need help because Please refund my order Please help me with this issue.,Refund,
"Please help me, Something is missing from my order Please help.",Order Issue,
I am facing an issue where My order details are incorrect Can you check this?,Order Issue,
I was charged for a subscription I cancelled Please help me with this issue.,Subscription,
I need assistance because The delivery is taking longer than expected Can you check this?,Delivery Issue,
I need help because Please refund my order I need assistance.,Refund,
I am having a problem because Can you tell me where my package is? I need assistance.,Delivery Issue,
Could you please help? My UPI payment failed Please look into this.,Payment Issue,
I am having a problem because My UPI payment failed Can you resolve this?,Payment Issue,
Can you help me? Why is my delivery taking so long? Can you resolve this?,Delivery Issue,
I need help because My payment failed while placing the order I need assistance.,Payment Issue,
"Please help me, My payment failed while placing the order I need assistance.",Payment Issue,
I need help because Why is my delivery taking so long?,Delivery Issue,
One item is missing from my order Please help me with this issue.,Order Issue,
"Please help me, How can I change my password? I need assistance.",Account Issue,
How do I cancel a purchase? I need assistance.,Cancellation,
I am unable to use the checkout page What should I do?,Technical Issue,
Could you please help? I want to cancel before it is shipped Can you resolve this?,Cancellation,
Could you please help? My payment was deducted but the order was not placed Please help.,Payment Issue,
Can you help me? I need help with my subscription Can you check this?,Subscription,
I am facing an issue where My order is still in transit What should I do?,Delivery Issue,
"Please help me, Please stop my order Can you check this?",Cancellation,
I am facing an issue where How can I change my password? Please help me with this issue.,Account Issue,
I need assistance because The product I received is damaged Can you resolve this?,Order Issue,
I need help because I am having trouble accessing my account Can you resolve this?,Account Issue,
Can you help me? My payment failed while placing the order Can you check this?,Payment Issue,
I need assistance because My order contains the wrong product Please help me with this issue.,Order Issue,
Could you please help? I have been waiting for my order Please help.,Delivery Issue,
I need assistance because My refund has not arrived Can you check this?,Refund,
"Please help me, I want to cancel the purchase What should I do?",Cancellation,
Why is my refund delayed? Please help me with this issue.,Refund,
I am facing an issue where I forgot my password Can you resolve this?,Account Issue,
"Please help me, How can I cancel my order? Can you resolve this?",Cancellation,
I am facing an issue where I have been waiting for my order,Delivery Issue,
I need help because I am having trouble accessing my account Can you check this?,Account Issue,
Can you help me? The delivery is taking longer than expected Please look into this.,Delivery Issue,
How can I change my password? Please help me with this issue.,Account Issue,
Could you please help? My password is not working Can you check this?,Account Issue,
I need assistance because I am having trouble accessing my account Please help me with this issue.,Account Issue,
The page keeps freezing Please help.,Technical Issue,
"Please help me, I want to update my account information Please help me with this issue.",Account Issue,
I need assistance because Can I get a refund for this order?,Refund,
I am having a problem because How can I cancel my order? Can you resolve this?,Cancellation,
Can you help me? My money has not been refunded Please look into this.,Refund,
"Please help me, The checkout page is not loading Please look into this.",Technical Issue,
"Please help me, The courier has not delivered my package Can you check this?",Delivery Issue,
I was charged but my order still shows as unpaid Can you resolve this?,Payment Issue,
I need help because How can I cancel my order?,Cancellation,
I am having a problem because How do I update my phone number? What should I do?,Account Issue,
My order has not arrived yet Please help.,Delivery Issue,
I need assistance because My subscription payment failed Please help.,Subscription,
When will my package be delivered? What should I do?,Delivery Issue,
"Please help me, My order is incomplete I need assistance.",Order Issue,
I need assistance because The wrong product was delivered Please help me with this issue.,Order Issue,
I need help because The delivery date has passed What should I do?,Delivery Issue,
Could you please help? My order is still in transit Can you check this?,Delivery Issue,
I am having a problem because Why is my delivery taking so long? Please help.,Delivery Issue,
Can you help me? I cannot log into my account Please help me with this issue.,Account Issue,
I am facing an issue where My shipment is stuck in transit Can you check this?,Delivery Issue,
"Please help me, My order contains a damaged item Can you check this?",Order Issue,
Could you please help? The app crashes whenever I open it What should I do?,Technical Issue,
Can you help me? My payment failed while placing the order Please look into this.,Payment Issue,
I need assistance because How can I request a refund? I need assistance.,Refund,
I am facing an issue where Why is my refund delayed? Please help me with this issue.,Refund,
I cannot complete my payment Please help me with this issue.,Payment Issue,
Can you help me? My account login is not working I need assistance.,Account Issue,
I received the wrong size Please help me with this issue.,Order Issue,
I am having a problem because I need help with my subscription,Subscription,
I need help because Can you tell me where my package is? Can you check this?,Delivery Issue,
I want to upgrade my plan Please help me with this issue.,Subscription,
I need help because My password is not working Can you check this?,Account Issue,
I need assistance because I was charged for a subscription I cancelled Can you resolve this?,Subscription,
I need assistance because My payment failed while placing the order I need assistance.,Payment Issue,
I need help because I am having trouble accessing my account What should I do?,Account Issue,
I am having a problem because Can you tell me where my package is? Can you check this?,Delivery Issue,
I need assistance because I have been waiting for my order,Delivery Issue,
"Please help me, I forgot my password Can you resolve this?",Account Issue,
I am having a problem because I am getting an error message Please help me with this issue.,Technical Issue,
I need assistance because I want to cancel my order Please help.,Cancellation,
My order has not arrived yet Can you resolve this?,Delivery Issue,
I need help because The tracking information has not updated Can you resolve this?,Delivery Issue,
I need assistance because The checkout page is not loading What should I do?,Technical Issue,
I am having a problem because The page keeps freezing Please help.,Technical Issue,
I need assistance because The website keeps showing an error Can you check this?,Technical Issue,
I need assistance because How can I upgrade my subscription? Can you resolve this?,Subscription,
I am facing an issue where I cannot complete my payment Please help me with this issue.,Payment Issue,
I am facing an issue where I received the wrong product Can you check this?,Order Issue,
I am facing an issue where The courier has not delivered my package I need assistance.,Delivery Issue,
Could you please help? I want to change my subscription plan Please look into this.,Subscription,
Can you help me? The app keeps crashing Can you resolve this?,Technical Issue,
I need help because Something is missing from my order Can you resolve this?,Order Issue,
I need assistance because The item I received is not what I purchased I need assistance.,Order Issue,
I am having a problem because I am having trouble accessing my account Please look into this.,Account Issue,
"Please help me, How can I reset my password? Please look into this.",Account Issue,
Could you please help? The delivery is taking longer than expected Please help me with this issue.,Delivery Issue,
I need help because The payment keeps getting declined Can you check this?,Payment Issue,
I need assistance because The website is showing an error Please help me with this issue.,Technical Issue,
I am having a problem because Cancel my recent order,Cancellation,
Could you please help? There is an item missing from my package Can you resolve this?,Order Issue,
I am having a problem because My order has not arrived yet I need assistance.,Delivery Issue,
Can you help me? My package has not been delivered I need assistance.,Delivery Issue,
Can you help me? My order contains a damaged item Please help.,Order Issue,
Can you help me? I was charged for a subscription I cancelled Please help me with this issue.,Subscription,
I placed the order by mistake Please help me with this issue.,Cancellation,
Could you please help? I was charged for a subscription I cancelled Can you check this?,Subscription,
The tracking information has not updated Can you check this?,Delivery Issue,
I am having a problem because I have been waiting for my refund Please look into this.,Refund,
I am having a problem because My order has not arrived yet,Delivery Issue,
I need assistance because I placed the order by mistake Can you check this?,Cancellation,
I need help because My order details are incorrect Please look into this.,Order Issue,
I am having a problem because Where is my package? What should I do?,Delivery Issue,
I need assistance because When does my subscription expire? Please look into this.,Subscription,
Can you help me? The delivery is taking longer than expected,Delivery Issue,
How can I change my password? Please look into this.,Account Issue,
I am having a problem because I was charged twice for the same transaction,Payment Issue,
I received the wrong product Please help.,Order Issue,
I am having a problem because The checkout page is not loading,Technical Issue,
I need help because Can you cancel my order? Please look into this.,Cancellation,
"Please help me, I want to cancel my order Please help me with this issue.",Cancellation,
"Please help me, My transaction failed Please look into this.",Payment Issue,
I need help because My order has not arrived yet What should I do?,Delivery Issue,
Could you please help? One item is missing from my order Can you resolve this?,Order Issue,
I need help because I am unable to use the checkout page What should I do?,Technical Issue,
I need help because How do I cancel a purchase?,Cancellation,
"Please help me, I have been waiting for my order Please look into this.",Delivery Issue,
Can you help me? I want to cancel my order Please help me with this issue.,Cancellation,
"Please help me, The app keeps crashing Can you resolve this?",Technical Issue,
I need assistance because I was charged but my order still shows as unpaid Please help me with this issue.,Payment Issue,
I am facing an issue where My order has not arrived yet Please help.,Delivery Issue,
When will my package be delivered? Can you check this?,Delivery Issue,
"Please help me, The courier has not delivered my package What should I do?",Delivery Issue,
I am facing an issue where I need help with my subscription,Subscription,
I am facing an issue where The website is not working Please help.,Technical Issue,
I need assistance because Why is my delivery taking so long? Please look into this.,Delivery Issue,
Could you please help? The payment was successful but the order was cancelled Please help.,Payment Issue,
I want to downgrade my plan Please look into this.,Subscription,
Can you help me? I want to return the payment and get a refund,Refund,
I need help because Where is my package? Please help me with this issue.,Delivery Issue,
I am facing an issue where My subscription was renewed automatically Can you resolve this?,Subscription,
I need help because I want to return the payment and get a refund Please help.,Refund,
Can you help me? There is a technical problem,Technical Issue,
I am having a problem because I want to cancel before it is shipped Please look into this.,Cancellation,
I need help because I cannot access my account Can you resolve this?,Account Issue,
Can you help me? I need my money back What should I do?,Refund,
I am facing an issue where I received a damaged product,Order Issue,
I am having a problem because I cannot remember my password Please help me with this issue.,Account Issue,
I am facing an issue where I cannot remember my password What should I do?,Account Issue,
"Please help me, My delivery is late Can you resolve this?",Delivery Issue,
"Please help me, My refund has not arrived",Refund,
Why did my card payment fail? I need assistance.,Payment Issue,
I need assistance because I need my money back Can you resolve this?,Refund,
I am facing an issue where My account is locked,Account Issue,
"Please help me, The delivery date has passed Please help me with this issue.",Delivery Issue,
I am having a problem because I have been waiting for my order,Delivery Issue,
Could you please help? How do I renew my subscription? Can you check this?,Subscription,
The refund was approved but I have not received it Can you check this?,Refund,
The refund was approved but I have not received it,Refund,
When will I receive my refund? Please help me with this issue.,Refund,
"Please help me, I want to cancel my order Can you resolve this?",Cancellation,
My payment was deducted but the order was not placed Can you resolve this?,Payment Issue,
I am facing an issue where My payment was deducted but the order was not placed Please help.,Payment Issue,
The website is not working Please help.,Technical Issue,
I need help because I forgot my password I need assistance.,Account Issue,
I need help because Please cancel this transaction What should I do?,Cancellation,
I am facing an issue where How can I manage my subscription? Please help.,Subscription,
Can you help me? I am having trouble accessing my account Please help.,Account Issue,
I need help because I cannot use the website What should I do?,Technical Issue,
I am facing an issue where The payment keeps getting declined What should I do?,Payment Issue,
I need help because My money has not been refunded Please help me with this issue.,Refund,
Can you help me? How can I upgrade my subscription? What should I do?,Subscription,
Could you please help? The product I received is different from what I ordered Please help me with this issue.,Order Issue,
I am having a problem because Please cancel my purchase Can you resolve this?,Cancellation,
I made a payment but it is still showing as pending What should I do?,Payment Issue,
"Please help me, Can I get a refund for this order? Please help me with this issue.",Refund,
Can you help me? My order is incomplete,Order Issue,
I am having a problem because The app is very slow I need assistance.,Technical Issue,
I need help because I was charged but my order still shows as unpaid Please help.,Payment Issue,
I am having a problem because How can I stop automatic renewal? Please help me with this issue.,Subscription,
I am having a problem because My order is showing the wrong item I need assistance.,Order Issue,
Can you help me? The app crashes whenever I open it Can you resolve this?,Technical Issue,
Can you help me? Cancel my recent order Please help.,Cancellation,
"Please help me, The checkout page is not loading Please help.",Technical Issue,
Can you help me? I am having trouble accessing my account I need assistance.,Account Issue,
Could you please help? I cannot access my account Can you resolve this?,Account Issue,
I need assistance because I want to upgrade my plan Can you check this?,Subscription,
I need help because The delivery is taking longer than expected I need assistance.,Delivery Issue,
Could you please help? My order contains a damaged item Can you resolve this?,Order Issue,
I need help because Why was I charged for my subscription? Can you resolve this?,Subscription,
I need assistance because The app is very slow Can you resolve this?,Technical Issue,
I need assistance because How can I stop automatic renewal? Please help me with this issue.,Subscription,
I am having a problem because There is an item missing from my package I need assistance.,Order Issue,
I need help because The app crashes whenever I open it I need assistance.,Technical Issue,
Could you please help? My money has not been refunded Please help me with this issue.,Refund,
"Please help me, The app keeps crashing Please help.",Technical Issue,
I need assistance because My order is incomplete Can you check this?,Order Issue,
Could you please help? I received the wrong size Can you resolve this?,Order Issue,
Can you help me? I cannot complete my payment Can you resolve this?,Payment Issue,
I need assistance because My subscription payment failed,Subscription,
Can you help me? The refund was approved but I have not received it What should I do?,Refund,
"Please help me, I cannot remember my password I need assistance.",Account Issue,
Could you please help? Why is my refund delayed? Please help.,Refund,
"Please help me, I cannot use the website Can you check this?",Technical Issue,
I received a damaged product Please help.,Order Issue,
"Please help me, The website is showing an error What should I do?",Technical Issue,
Can you help me? My password is not working What should I do?,Account Issue,
I am facing an issue where I received the wrong size Can you resolve this?,Order Issue,
Could you please help? The app crashes whenever I open it Please help.,Technical Issue,
I need assistance because Can I cancel my order? Can you resolve this?,Cancellation,
The tracking information has not updated I need assistance.,Delivery Issue,
I need assistance because Can I change my subscription? Please look into this.,Subscription,
I need help because The product I received is damaged Can you resolve this?,Order Issue,
The checkout page is not loading Please look into this.,Technical Issue,
I am facing an issue where How can I reset my password? Please help me with this issue.,Account Issue,
I am having a problem because Why is my refund delayed? What should I do?,Refund,
I am having a problem because The product I received is different from what I ordered Can you check this?,Order Issue,
I need help because How can I request a refund? Please look into this.,Refund,
I am having a problem because My transaction failed Please help.,Payment Issue,
I am having a problem because I want to update my account information Can you check this?,Account Issue,
I need assistance because The application stopped working Please look into this.,Technical Issue,
I need help because When does my subscription expire? Can you check this?,Subscription,
Could you please help? The payment keeps getting declined I need assistance.,Payment Issue,
I am having a problem because The courier has not delivered my package What should I do?,Delivery Issue,
Can you help me? I received the wrong product Can you check this?,Order Issue,
Could you please help? The payment gateway is not working Please help.,Payment Issue,
I am having a problem because My delivery is late Please help me with this issue.,Delivery Issue,
I am having a problem because When will I receive my refund?,Refund,
Can you help me? The wrong product was delivered Please look into this.,Order Issue,
"Please help me, My order is showing the wrong item What should I do?",Order Issue,
I need assistance because The app keeps crashing,Technical Issue,
I am facing an issue where The website is not working Please help me with this issue.,Technical Issue,
Could you please help? How can I cancel my order? Please look into this.,Cancellation,
I need assistance because My payment was deducted but the order was not placed I need assistance.,Payment Issue,
"Please help me, How do I cancel a purchase? Can you check this?",Cancellation,
I am having a problem because The app crashes whenever I open it I need assistance.,Technical Issue,
I am having a problem because The application is not responding Please look into this.,Technical Issue,
I am facing an issue where My refund has not arrived Please help me with this issue.,Refund,
I am facing an issue where My account is locked Can you check this?,Account Issue,
I am having a problem because I have been waiting for my order Please look into this.,Delivery Issue,
I want to change my subscription plan I need assistance.,Subscription,
"Please help me, When does my subscription expire?",Subscription,
The wrong product was delivered What should I do?,Order Issue,
I am facing an issue where The website keeps showing an error Can you check this?,Technical Issue,
Could you please help? I cannot log into my account What should I do?,Account Issue,
Could you please help? I am having trouble accessing my account Can you resolve this?,Account Issue,
I am facing an issue where I am having trouble accessing my account Please help.,Account Issue,
I am having a problem because The delivery date has passed Please help.,Delivery Issue,
I am having a problem because Why did my card payment fail? Please look into this.,Payment Issue,
I am having a problem because My order is still in transit Please help.,Delivery Issue,
The app keeps crashing Can you resolve this?,Technical Issue,
My shipment is stuck in transit What should I do?,Delivery Issue,
Could you please help? I want to update my account information Can you resolve this?,Account Issue,
Can you help me? My payment was deducted but the order was not placed I need assistance.,Payment Issue,
I need assistance because I received the wrong product Please help.,Order Issue,
Can you help me? I cannot complete my payment,Payment Issue,
I am facing an issue where The checkout page is not loading I need assistance.,Technical Issue,
Can you help me? My order is incomplete Please help me with this issue.,Order Issue,
Could you please help? I received a damaged product Please help.,Order Issue,
I am having a problem because One item is missing from my order,Order Issue,
The payment gateway is not working,Payment Issue,
How do I cancel a purchase?,Cancellation,
I was charged but my order still shows as unpaid,Payment Issue,
I am having a problem because My UPI payment failed What should I do?,Payment Issue,
The courier has not delivered my package Please look into this.,Delivery Issue,
I need assistance because My money has not been refunded Please help me with this issue.,Refund,
Can you help me? I cannot open the application What should I do?,Technical Issue,
"Please help me, Can you tell me where my package is? Please help me with this issue.",Delivery Issue,
Could you please help? The payment keeps getting declined Please help me with this issue.,Payment Issue,
I am having a problem because I want to return the payment and get a refund What should I do?,Refund,
I am facing an issue where I no longer want this order Can you resolve this?,Cancellation,
"Please help me, How can I reset my password? Can you resolve this?",Account Issue,
I am facing an issue where How do I update my phone number? Can you check this?,Account Issue,
The wrong product was delivered Can you resolve this?,Order Issue,
I need assistance because My transaction failed I need assistance.,Payment Issue,
I need help because Can I change my subscription? Please look into this.,Subscription,
I am having a problem because The product I received is different from what I ordered Please help me with this issue.,Order Issue,
"Please help me, Can you tell me where my package is? Please help.",Delivery Issue,
"Please help me, I was charged twice for the same transaction Please help.",Payment Issue,
The website is not working Can you check this?,Technical Issue,
How do I update my phone number? Please help.,Account Issue,
I am having a problem because I want to cancel my order,Cancellation,
Can you help me? Why is my refund delayed? Please look into this.,Refund,
I am having a problem because My UPI payment failed,Payment Issue,
"Please help me, I forgot my password Can you check this?",Account Issue,
I need assistance because How do I change my email address? Can you check this?,Account Issue,
I am having a problem because I need to cancel an order Can you resolve this?,Cancellation,
I need assistance because My password is not working Can you resolve this?,Account Issue,
Can you help me? The app is very slow Please help me with this issue.,Technical Issue,
I am having a problem because I want to cancel before it is shipped Please help me with this issue.,Cancellation,
How do I cancel a purchase? Please help.,Cancellation,
Could you please help? Can I get a refund for this order? What should I do?,Refund,
I need assistance because The website is showing an error I need assistance.,Technical Issue,
I am having a problem because I no longer want this order Please help me with this issue.,Cancellation,
I am facing an issue where My UPI payment failed What should I do?,Payment Issue,
Could you please help? I am getting an error message Please look into this.,Technical Issue,
Can you help me? Where is my package? Please help me with this issue.,Delivery Issue,
I need assistance because I want to change my subscription plan,Subscription,
I need assistance because The courier has not delivered my package What should I do?,Delivery Issue,
Can you help me? Can I get a refund for this order? Please help.,Refund,
Could you please help? I want to upgrade my plan Please help me with this issue.,Subscription,
I am having a problem because I no longer want this order Can you resolve this?,Cancellation,
I am having a problem because My refund has not arrived Can you resolve this?,Refund,
Could you please help? The delivery is taking longer than expected,Delivery Issue,
I need help because My password is not working Can you resolve this?,Account Issue,
I need assistance because I have been waiting for my refund,Refund,
Could you please help? The app keeps crashing Please help me with this issue.,Technical Issue,
I am facing an issue where How do I renew my subscription? What should I do?,Subscription,
I need assistance because The page keeps freezing I need assistance.,Technical Issue,
"Please help me, I am getting an error message Can you check this?",Technical Issue,
Can you help me? I was charged twice for the same transaction,Payment Issue,
"Please help me, Why did my card payment fail? Please help.",Payment Issue,
I received the wrong size Can you resolve this?,Order Issue,
Can you help me? The product I received is different from what I ordered Please help.,Order Issue,
I need help because My money has not been refunded What should I do?,Refund,
I need help because I cannot log into my account I need assistance.,Account Issue,
I need assistance because How can I cancel my order?,Cancellation,
I need assistance because I want to update my account information I need assistance.,Account Issue,
I need assistance because The payment was successful but the order was cancelled What should I do?,Payment Issue,
Could you please help? The page keeps freezing Please help.,Technical Issue,
I am having a problem because My transaction failed Please help me with this issue.,Payment Issue,
I need assistance because I received a damaged product What should I do?,Order Issue,
The website is showing an error,Technical Issue,
Can you help me? Can I change my subscription? Can you resolve this?,Subscription,
I need help because There is a technical problem Can you resolve this?,Technical Issue,
Can you help me? My order contains the wrong product Can you check this?,Order Issue,
I am facing an issue where When will I receive my refund? Please look into this.,Refund,
I need help because Why was I charged for my subscription? Please help.,Subscription,
"Please help me, Please refund my order Please look into this.",Refund,
Could you please help? There is a technical problem I need assistance.,Technical Issue,
Could you please help? When will my package be delivered? Can you check this?,Delivery Issue,
Could you please help? The application is not responding Please help.,Technical Issue,
I need assistance because How can I manage my subscription? Please help.,Subscription,
I need assistance because I cannot remember my password Can you check this?,Account Issue,
I need help because My order is incomplete I need assistance.,Order Issue,
The website is not working Please look into this.,Technical Issue,
I am having a problem because Can I change my subscription? Can you check this?,Subscription,
I am facing an issue where How can I reset my password? Please help.,Account Issue,
"Please help me, How can I reset my password? Please help.",Account Issue,
I am facing an issue where There is an item missing from my package Please look into this.,Order Issue,
Can you help me? Where is my refund? I need assistance.,Refund,
I am facing an issue where The website keeps showing an error Please help.,Technical Issue,
"Please help me, My order is incomplete Please look into this.",Order Issue,
Could you please help? Can you tell me where my package is? Please help me with this issue.,Delivery Issue,
I made a payment but it is still showing as pending I need assistance.,Payment Issue,
I am facing an issue where Please stop my order,Cancellation,
Could you please help? Where is my package? I need assistance.,Delivery Issue,
"Please help me, My payment failed while placing the order What should I do?",Payment Issue,
I am having a problem because I want to cancel before it is shipped,Cancellation,
I am facing an issue where I want to cancel my subscription Please look into this.,Subscription,
I am having a problem because I was charged twice for one order Can you check this?,Payment Issue,
Could you please help? I no longer want this order Can you resolve this?,Cancellation,
I need help because My delivery is late Please look into this.,Delivery Issue,
I am facing an issue where I have been waiting for my order Can you resolve this?,Delivery Issue,
How do I renew my subscription? Please help me with this issue.,Subscription,
I am having a problem because The refund was approved but I have not received it Can you resolve this?,Refund,
When will my package be delivered? Please help me with this issue.,Delivery Issue,
"Please help me, How do I cancel a purchase? Please help.",Cancellation,
Can you help me? The payment was successful but the order was cancelled,Payment Issue,
I need assistance because Please process my refund Please help me with this issue.,Refund,
I am facing an issue where Can I get a refund for this order? Can you check this?,Refund,
"Please help me, I cannot complete my payment I need assistance.",Payment Issue,
Can you help me? Please refund my order Can you resolve this?,Refund,
I am facing an issue where I am having trouble accessing my account,Account Issue,
I cannot open the application Please look into this.,Technical Issue,
Could you please help? One item is missing from my order What should I do?,Order Issue,
I need help because There is a technical problem Please look into this.,Technical Issue,
"Please help me, The item I received is not what I purchased Please look into this.",Order Issue,
One item is missing from my order,Order Issue,
The money was deducted from my account but the payment failed I need assistance.,Payment Issue,
I need assistance because Please cancel my purchase Can you resolve this?,Cancellation,
I want a refund Can you check this?,Refund,
I am facing an issue where I want to cancel before it is shipped,Cancellation,
Can you help me? I changed my mind and want to cancel Can you resolve this?,Cancellation,
Could you please help? I am unable to sign in Can you check this?,Account Issue,
Can you help me? I changed my mind and want to cancel What should I do?,Cancellation,
I am having a problem because The delivery is taking longer than expected I need assistance.,Delivery Issue,
I am having a problem because The checkout page is not loading Please help.,Technical Issue,
I am facing an issue where Please process my refund What should I do?,Refund,
"Please help me, Please stop my order I need assistance.",Cancellation,
I need help because I am unable to sign in Can you check this?,Account Issue,
The checkout page is not loading Can you check this?,Technical Issue,
I need assistance because My delivery is late What should I do?,Delivery Issue,
I need help because My account is locked Can you resolve this?,Account Issue,
"Please help me, When will I receive my refund? Can you check this?",Refund,
"Please help me, How can I reset my password?",Account Issue,
"Please help me, There is a technical problem",Technical Issue,
Can you help me? I cannot use the website Can you resolve this?,Technical Issue,
Can you help me? Can you tell me where my package is?,Delivery Issue,
I need help because My package is delayed Please look into this.,Delivery Issue,
I need assistance because One item is missing from my order Please help.,Order Issue,
I am facing an issue where My money has not been refunded Can you check this?,Refund,
Please process my refund Can you resolve this?,Refund,
I am having a problem because The app crashes whenever I open it Can you resolve this?,Technical Issue,
My delivery is late Can you check this?,Delivery Issue,
"Please help me, Can you cancel my order? Please help me with this issue.",Cancellation,
"Please help me, The refund was approved but I have not received it I need assistance.",Refund,
Could you please help? Can you tell me where my package is? Please look into this.,Delivery Issue,
I have been waiting for my order Please help.,Delivery Issue,
Can you help me? When will I receive my refund? Please help me with this issue.,Refund,
Could you please help? I want to change my subscription plan Can you resolve this?,Subscription,
I am facing an issue where I forgot my password,Account Issue,
Could you please help? I am unable to use the checkout page Please help me with this issue.,Technical Issue,
I need help because Can I change my subscription? Please help me with this issue.,Subscription,
I need assistance because My order has not arrived yet Can you resolve this?,Delivery Issue,
"Please help me, Can I cancel my order?",Cancellation,
Could you please help? Can you cancel my order? What should I do?,Cancellation,
I am having a problem because Why is my refund delayed? Please help me with this issue.,Refund,
Could you please help? I have been waiting for my refund Can you resolve this?,Refund,
Could you please help? My order details are incorrect Please help.,Order Issue,
I am facing an issue where I need to cancel an order Can you resolve this?,Cancellation,
I need assistance because My package is delayed Can you check this?,Delivery Issue,
I need assistance because I was charged twice for the same transaction Please help.,Payment Issue,
I need help because How can I upgrade my subscription? Please help.,Subscription,
I am having a problem because I am having trouble accessing my account Please help me with this issue.,Account Issue,
I need help because The checkout page is not loading Please help me with this issue.,Technical Issue,
I am facing an issue where My account login is not working Please help.,Account Issue,
Can you help me? The delivery is taking longer than expected Please help me with this issue.,Delivery Issue,
I need help with my subscription I need assistance.,Subscription,
Can you help me? I want to cancel the purchase Can you resolve this?,Cancellation,
How can I upgrade my subscription? Please help.,Subscription,
Can you help me? The item I received is not what I purchased Can you check this?,Order Issue,
I need help because Please stop my order I need assistance.,Cancellation,
I changed my mind and want to cancel Please help.,Cancellation,
The delivery date has passed Please look into this.,Delivery Issue,
I am having a problem because The money was deducted from my account but the payment failed Can you resolve this?,Payment Issue,
I am facing an issue where When does my subscription expire?,Subscription,
I am having a problem because The tracking information has not updated What should I do?,Delivery Issue,
There is a technical problem Can you resolve this?,Technical Issue,
I need help because The checkout page is not loading Please look into this.,Technical Issue,
I am having a problem because I want to cancel my order Please help me with this issue.,Cancellation,
I want to cancel before it is shipped Can you check this?,Cancellation,
Please process my refund What should I do?,Refund,
I need help because The app keeps crashing,Technical Issue,
I need help because I was charged twice for the same transaction What should I do?,Payment Issue,
Could you please help? The refund was approved but I have not received it What should I do?,Refund,
I am having a problem because I was charged for a subscription I cancelled Please help.,Subscription,
I am facing an issue where The delivery is taking longer than expected Can you resolve this?,Delivery Issue,
Could you please help? The page keeps freezing I need assistance.,Technical Issue,
I am having a problem because Please process my refund,Refund,
"Please help me, I forgot my password What should I do?",Account Issue,
Could you please help? The delivery date has passed What should I do?,Delivery Issue,
Can you help me? The money was deducted from my account but the payment failed Can you check this?,Payment Issue,
I need help because The checkout page is not loading Please help.,Technical Issue,
I am having a problem because The courier has not delivered my package Please help me with this issue.,Delivery Issue,
Could you please help? How do I cancel a purchase?,Cancellation,
I need assistance because Where is my package? Please help.,Delivery Issue,
Could you please help? The website is showing an error,Technical Issue,
I was charged for a subscription I cancelled What should I do?,Subscription,
I need help because How do I change my email address? Can you check this?,Account Issue,
"Please help me, The product I received is different from what I ordered Please look into this.",Order Issue,
"Please help me, My order has not arrived yet I need assistance.",Delivery Issue,
I am facing an issue where I cannot log into my account Please help.,Account Issue,
Could you please help? My delivery is late Can you resolve this?,Delivery Issue,
I am facing an issue where My order details are incorrect Please look into this.,Order Issue,
Can you help me? I want to change my subscription plan Can you resolve this?,Subscription,
I am having a problem because Can I get a refund for this order? Can you resolve this?,Refund,
Can you help me? My password is not working I need assistance.,Account Issue,
"Please help me, Why was I charged for my subscription? What should I do?",Subscription,
Can you help me? I was charged but my order still shows as unpaid Please look into this.,Payment Issue,
"Please help me, I want to upgrade my plan I need assistance.",Subscription,
I am having a problem because I am unable to use the checkout page Please look into this.,Technical Issue,
I need help because I was charged but my order still shows as unpaid Can you check this?,Payment Issue,
I am having a problem because How can I change my password? Can you resolve this?,Account Issue,
Could you please help? Something is missing from my order What should I do?,Order Issue,
I need assistance because My order contains the wrong product Please help.,Order Issue,
Could you please help? The website keeps showing an error Can you check this?,Technical Issue,
The page keeps freezing Can you resolve this?,Technical Issue,
I need assistance because The wrong product was delivered I need assistance.,Order Issue,
Can you help me? I want to cancel the purchase Can you check this?,Cancellation,
I am having a problem because Can I get a refund for this order? Please help me with this issue.,Refund,
I need help because The website is not working Please help.,Technical Issue,
I am having a problem because I was charged but my order still shows as unpaid I need assistance.,Payment Issue,
I need assistance because The app keeps crashing I need assistance.,Technical Issue,
My package is delayed Please help.,Delivery Issue,
Could you please help? The website is showing an error What should I do?,Technical Issue,
I need help because I want to update my account information Please help.,Account Issue,
Could you please help? The website is not working What should I do?,Technical Issue,
Could you please help? Can I get a refund for this order? Please help.,Refund,
Could you please help? The payment gateway is not working Please help me with this issue.,Payment Issue,
Can you help me? Why was I charged for my subscription? I need assistance.,Subscription,
Can you help me? I was charged for a subscription I cancelled What should I do?,Subscription,
Could you please help? I want to upgrade my plan Can you resolve this?,Subscription,
Could you please help? How can I manage my subscription?,Subscription,
Can you help me? The payment keeps getting declined Please help.,Payment Issue,
I am having a problem because The delivery is taking longer than expected,Delivery Issue,
I am having a problem because I was charged for a subscription I cancelled Can you resolve this?,Subscription,
"Please help me, Cancel my recent order",Cancellation,
I am facing an issue where How long does a refund take? Please look into this.,Refund,
Can you help me? I was charged but my order still shows as unpaid Can you resolve this?,Payment Issue,
I need help because I am getting an error message Please help me with this issue.,Technical Issue,
I need my money back Can you resolve this?,Refund,
Can you help me? The delivery is taking longer than expected Please help.,Delivery Issue,
Can you help me? How long does a refund take? Can you resolve this?,Refund,
I need help because How can I upgrade my subscription? Please help me with this issue.,Subscription,
I cannot open the application Can you check this?,Technical Issue,
My delivery is late Please help me with this issue.,Delivery Issue,
I need help because My order contains a damaged item Please look into this.,Order Issue,
I am facing an issue where My shipment is stuck in transit,Delivery Issue,
I am facing an issue where I am unable to use the checkout page Can you resolve this?,Technical Issue,
I need help because My account is locked Can you check this?,Account Issue,
"Please help me, How do I change my email address?",Account Issue,
The app crashes whenever I open it What should I do?,Technical Issue,
I need assistance because My package has not been delivered Please help.,Delivery Issue,
I am having a problem because My order contains the wrong product Can you resolve this?,Order Issue,
I am facing an issue where My order is showing the wrong item,Order Issue,
Could you please help? I cannot use the website Please help.,Technical Issue,
"Please help me, The product I received is damaged I need assistance.",Order Issue,
"Please help me, How can I reset my password? I need assistance.",Account Issue,
I need assistance because How can I upgrade my subscription? Can you check this?,Subscription,
I am facing an issue where When will I receive my refund? Please help.,Refund,
Can you help me? I was charged but my order still shows as unpaid Please help.,Payment Issue,
"Please help me, My UPI payment failed Please look into this.",Payment Issue,
I am having a problem because How do I renew my subscription? Can you check this?,Subscription,
Could you please help? How do I renew my subscription? Can you resolve this?,Subscription,
I need assistance because I received the wrong size,Order Issue,
Could you please help? The application stopped working Can you resolve this?,Technical Issue,
I want to cancel before it is shipped Please help me with this issue.,Cancellation,
Can you help me? The product I received is different from what I ordered I need assistance.,Order Issue,
"Please help me, My account login is not working I need assistance.",Account Issue,
I need assistance because I want a refund I need assistance.,Refund,
I am facing an issue where My payment was deducted but the order was not placed Please look into this.,Payment Issue,
I am having a problem because How long does a refund take? Please help.,Refund,
Could you please help? The courier has not delivered my package Please help me with this issue.,Delivery Issue,
Can you help me? How do I update my phone number? Please help me with this issue.,Account Issue,
Can you help me? I forgot my login details Please help.,Account Issue,
I need assistance because How do I update my phone number? Can you check this?,Account Issue,
I need help because I want to cancel my order Can you check this?,Cancellation,
Could you please help? I want to change my subscription plan I need assistance.,Subscription,
I am facing an issue where I changed my mind and want to cancel Can you resolve this?,Cancellation,
I need help because Please cancel this transaction I need assistance.,Cancellation,
Can you help me? My order has not arrived yet,Delivery Issue,
I need help because I received the wrong product Please help.,Order Issue,
The wrong product was delivered I need assistance.,Order Issue,
I am having a problem because The product I received is damaged Can you resolve this?,Order Issue,
"Please help me, The refund was approved but I have not received it Can you check this?",Refund,
Could you please help? I am unable to use the checkout page I need assistance.,Technical Issue,
I am facing an issue where The app crashes whenever I open it I need assistance.,Technical Issue,
I need help because My account is locked Please help me with this issue.,Account Issue,
I need assistance because How can I manage my subscription? I need assistance.,Subscription,
"Please help me, I want to update my account information Please look into this.",Account Issue,
I need help because I need to cancel an order Please look into this.,Cancellation,
Could you please help? I have been waiting for my order What should I do?,Delivery Issue,
Could you please help? The tracking information has not updated Please help.,Delivery Issue,
Can you help me? My order is still in transit Can you resolve this?,Delivery Issue,
Could you please help? I cannot complete my payment What should I do?,Payment Issue,
I need help because Can you cancel my order? I need assistance.,Cancellation,
I need help because The courier has not delivered my package I need assistance.,Delivery Issue,
I am having a problem because I received the wrong product I need assistance.,Order Issue,
I need assistance because The wrong product was delivered Can you check this?,Order Issue,
I need help because I am unable to sign in Please look into this.,Account Issue,
"Please help me, How can I change my password? Please help.",Account Issue,
I want to cancel before it is shipped What should I do?,Cancellation,
Can you help me? I cannot access my account Can you resolve this?,Account Issue,
I am having a problem because I cannot log into my account Please look into this.,Account Issue,
I am having a problem because I forgot my login details Please help.,Account Issue,
I am having a problem because How long does a refund take? Can you resolve this?,Refund,
I am having a problem because When will I receive my refund? What should I do?,Refund,
I need help because The app is very slow I need assistance.,Technical Issue,
I am having a problem because I want to update my account information,Account Issue,
"Please help me, My shipment is stuck in transit Can you check this?",Delivery Issue,
My order contains a damaged item Please help me with this issue.,Order Issue,
I need help because How do I update my phone number? Please look into this.,Account Issue,
I was charged twice for one order Please look into this.,Payment Issue,
I need assistance because My subscription payment failed Please look into this.,Subscription,
The wrong product was delivered Please help me with this issue.,Order Issue,
Could you please help? I want to cancel my order Please look into this.,Cancellation,
I need help because I want to cancel the purchase,Cancellation,
I need help because The courier has not delivered my package Please help me with this issue.,Delivery Issue,
I am having a problem because Can I cancel my order?,Cancellation,
I need assistance because My package has not been delivered I need assistance.,Delivery Issue,
I need help because Please process my refund Please help.,Refund,
I am facing an issue where I want to upgrade my plan,Subscription,
I need help because How can I request a refund?,Refund,
I need help because My payment was deducted but the order was not placed Please help.,Payment Issue,
Could you please help? When does my subscription expire? What should I do?,Subscription,
I need help because The money was deducted from my account but the payment failed Can you resolve this?,Payment Issue,
I am having a problem because The delivery date has passed,Delivery Issue,
"Please help me, There is an item missing from my package Can you check this?",Order Issue,
Could you please help? I no longer want this order,Cancellation,
Can you help me? The product I received is damaged Can you resolve this?,Order Issue,
Can you help me? The product I received is damaged Please help.,Order Issue,
I need assistance because The checkout page is not loading Please help.,Technical Issue,
I need assistance because The app crashes whenever I open it Please help me with this issue.,Technical Issue,
I am facing an issue where My order is showing the wrong item Please help me with this issue.,Order Issue,
I need help because I received a damaged product Can you resolve this?,Order Issue,
Can you help me? I cannot use the website Please help.,Technical Issue,
"Please help me, Something is missing from my order What should I do?",Order Issue,
I need assistance because I want to cancel my subscription Please help me with this issue.,Subscription,
I need help because The payment gateway is not working Can you resolve this?,Payment Issue,
"Please help me, I want to downgrade my plan Please help.",Subscription,
I need help because One item is missing from my order Can you check this?,Order Issue,
Could you please help? I made a payment but it is still showing as pending Please help.,Payment Issue,
I am having a problem because The item I received is not what I purchased,Order Issue,
I need help because The website keeps showing an error Please help me with this issue.,Technical Issue,
My payment failed while placing the order I need assistance.,Payment Issue,
Please stop my order What should I do?,Cancellation,
I am having a problem because I am unable to sign in Please look into this.,Account Issue,
Can you help me? I cannot access my account,Account Issue,
Can you help me? Why is my refund delayed? Can you resolve this?,Refund,
Can you help me? I forgot my login details Please look into this.,Account Issue,
I need assistance because How can I reset my password? Please help me with this issue.,Account Issue,
I am facing an issue where The page keeps freezing What should I do?,Technical Issue,
The page keeps freezing Please help me with this issue.,Technical Issue,
There is an item missing from my package Can you check this?,Order Issue,
I need help because I cannot access my account,Account Issue,
Can you help me? How do I update my phone number? Please help.,Account Issue,
Could you please help? I need help with my subscription What should I do?,Subscription,
I need help because The payment was successful but the order was cancelled Can you resolve this?,Payment Issue,
I need help because I cannot open the application What should I do?,Technical Issue,
Can you help me? The website is showing an error,Technical Issue,
I need help because My delivery is late Please help me with this issue.,Delivery Issue,
Can you help me? My money has not been refunded Can you resolve this?,Refund,
Could you please help? Why is my delivery taking so long? Can you resolve this?,Delivery Issue,
I am facing an issue where How can I change my password? What should I do?,Account Issue,
I am facing an issue where How do I cancel a purchase? I need assistance.,Cancellation,
I am having a problem because The payment gateway is not working Can you check this?,Payment Issue,
I was charged but my order still shows as unpaid Please help me with this issue.,Payment Issue,
I am unable to sign in Please look into this.,Account Issue,
The application is not responding,Technical Issue,
"Please help me, My money has not been refunded Please help.",Refund,
Could you please help? My package has not been delivered Can you resolve this?,Delivery Issue,
I need help because My subscription was renewed automatically,Subscription,
I am facing an issue where How can I cancel my order?,Cancellation,
I am having a problem because The item I received is not what I purchased What should I do?,Order Issue,
I need help because How can I reset my password? I need assistance.,Account Issue,
Can you help me? How can I change my password? What should I do?,Account Issue,
I am facing an issue where My money has not been refunded What should I do?,Refund,
Could you please help? My refund has not arrived What should I do?,Refund,
"Please help me, Cancel my recent order Can you resolve this?",Cancellation,
I changed my mind and want to cancel Can you resolve this?,Cancellation,
"Please help me, I changed my mind and want to cancel What should I do?",Cancellation,
Can you help me? Can I cancel my order? What should I do?,Cancellation,
I need help because My order has not arrived yet I need assistance.,Delivery Issue,
Could you please help? Where is my package?,Delivery Issue,
Can you help me? I have been waiting for my refund Can you resolve this?,Refund,
I need assistance because My delivery is late,Delivery Issue,
I want to return the payment and get a refund Can you check this?,Refund,
"Please help me, How do I update my phone number? Please look into this.",Account Issue,
I need assistance because The app crashes whenever I open it I need assistance.,Technical Issue,
Could you please help? I want to cancel the purchase Can you resolve this?,Cancellation,
I am facing an issue where The app crashes whenever I open it Can you resolve this?,Technical Issue,
I am facing an issue where How can I request a refund?,Refund,
I need help because I am unable to use the checkout page,Technical Issue,
How can I reset my password? Can you resolve this?,Account Issue,
Can you help me? I no longer want this order Can you check this?,Cancellation,
I want to change my subscription plan Can you check this?,Subscription,
I need assistance because The application stopped working Can you check this?,Technical Issue,
I am facing an issue where The courier has not delivered my package,Delivery Issue,
"Please help me, I want to cancel my order Please look into this.",Cancellation,
Can you tell me where my package is? What should I do?,Delivery Issue,
I need help because How can I upgrade my subscription? Can you check this?,Subscription,
I need assistance because I was charged but my order still shows as unpaid What should I do?,Payment Issue,
Could you please help? I am unable to sign in I need assistance.,Account Issue,
Could you please help? My shipment is stuck in transit,Delivery Issue,
I am facing an issue where When does my subscription expire? Can you resolve this?,Subscription,
I need help because My package has not been delivered Can you resolve this?,Delivery Issue,
The website is not working Can you resolve this?,Technical Issue,
Could you please help? My order details are incorrect Please help me with this issue.,Order Issue,
Could you please help? I am unable to sign in Please help.,Account Issue,
I am facing an issue where I no longer want this order Please help.,Cancellation,
The website is showing an error Please look into this.,Technical Issue,
I am facing an issue where Where is my refund? Please look into this.,Refund,
Could you please help? I need help with my subscription Please help me with this issue.,Subscription,
"Please help me, My order contains a damaged item Please help.",Order Issue,
I am having a problem because My shipment is stuck in transit Please help.,Delivery Issue,
I need assistance because My order contains the wrong product,Order Issue,
I am having a problem because I forgot my login details Can you resolve this?,Account Issue,
"Please help me, Why is my refund delayed?",Refund,
Can you help me? My order contains the wrong product Can you resolve this?,Order Issue,
I need help because Can you tell me where my package is?,Delivery Issue,
The application stopped working Please look into this.,Technical Issue,
I am having a problem because I placed the order by mistake Can you resolve this?,Cancellation,
I am facing an issue where My money has not been refunded Please look into this.,Refund,
Could you please help? There is an item missing from my package I need assistance.,Order Issue,
I need assistance because I need my money back Can you check this?,Refund,
Could you please help? How can I request a refund? Can you resolve this?,Refund,
I am having a problem because My subscription was renewed automatically Please look into this.,Subscription,
I am having a problem because The product I received is damaged I need assistance.,Order Issue,
How can I manage my subscription? Please look into this.,Subscription,
"Please help me, How can I manage my subscription? I need assistance.",Subscription,
"Please help me, I changed my mind and want to cancel Can you resolve this?",Cancellation,
Can you help me? I need to cancel an order What should I do?,Cancellation,
I need assistance because The payment keeps getting declined Please help.,Payment Issue,
"Please help me, I was charged twice for one order Can you resolve this?",Payment Issue,
I am facing an issue where I cannot use the website Please help me with this issue.,Technical Issue,
Can you help me? The payment keeps getting declined,Payment Issue,
Can you help me? I placed the order by mistake,Cancellation,
"Please help me, Why was I charged for my subscription? Can you check this?",Subscription,
I need assistance because I want to cancel the purchase Please help.,Cancellation,
I am having a problem because My delivery is late What should I do?,Delivery Issue,
I am unable to use the checkout page Please look into this.,Technical Issue,
I need assistance because Please cancel my purchase Please help.,Cancellation,
I need help because I am unable to use the checkout page Please look into this.,Technical Issue,
"Please help me, I received the wrong product Please look into this.",Order Issue,
I need assistance because My shipment is stuck in transit I need assistance.,Delivery Issue,
Can I get a refund for this order? What should I do?,Refund,
I am facing an issue where My refund has not arrived I need assistance.,Refund,
I am having a problem because Please stop my order What should I do?,Cancellation,
"Please help me, My subscription payment failed Please help me with this issue.",Subscription,
"Please help me, My delivery is late I need assistance.",Delivery Issue,
I need help because My order contains the wrong product Can you resolve this?,Order Issue,
I need help because My refund has not arrived Can you resolve this?,Refund,
I need help because I want to update my account information I need assistance.,Account Issue,
I am having a problem because Why was I charged for my subscription?,Subscription,
My order is still in transit,Delivery Issue,
I am having a problem because Where is my refund?,Refund,
I am facing an issue where I cannot log into my account I need assistance.,Account Issue,
Could you please help? My account login is not working,Account Issue,
I am having a problem because How long does a refund take? I need assistance.,Refund,
Could you please help? My UPI payment failed Can you check this?,Payment Issue,
Could you please help? How can I change my password? Please help.,Account Issue,
"Please help me, I placed the order by mistake",Cancellation,
Can you help me? The payment keeps getting declined Please look into this.,Payment Issue,
My UPI payment failed Can you check this?,Payment Issue,
I need assistance because I cannot complete my payment Please help.,Payment Issue,
The courier has not delivered my package What should I do?,Delivery Issue,
Could you please help? My subscription was renewed automatically Please help me with this issue.,Subscription,
I cannot open the application,Technical Issue,
I need help because How can I stop automatic renewal? Can you check this?,Subscription,
Can you help me? Cancel my recent order I need assistance.,Cancellation,
I am having a problem because I placed the order by mistake,Cancellation,
I need help because How long does a refund take? Please look into this.,Refund,
My subscription payment failed,Subscription,
"Please help me, I want to cancel before it is shipped Can you check this?",Cancellation,
"Please help me, The product I received is damaged What should I do?",Order Issue,
The app is very slow What should I do?,Technical Issue,
I need assistance because Where is my refund? Please help me with this issue.,Refund,
My payment failed while placing the order Can you check this?,Payment Issue,
I need assistance because I cannot use the website I need assistance.,Technical Issue,
"Please help me, I made a payment but it is still showing as pending Can you check this?",Payment Issue,
"Please help me, I was charged for a subscription I cancelled Please help.",Subscription,
I am facing an issue where My UPI payment failed Can you resolve this?,Payment Issue,
I need assistance because My account login is not working Please help me with this issue.,Account Issue,
I need help because How can I manage my subscription? What should I do?,Subscription,
I am facing an issue where My order is still in transit Please help me with this issue.,Delivery Issue,
I am facing an issue where I received a damaged product I need assistance.,Order Issue,
I am facing an issue where The application is not responding What should I do?,Technical Issue,
I am facing an issue where The application stopped working Please help.,Technical Issue,
I need assistance because The checkout page is not loading I need assistance.,Technical Issue,
I am facing an issue where The application is not responding I need assistance.,Technical Issue,
"Please help me, My payment failed while placing the order Please look into this.",Payment Issue,
I need help because I placed the order by mistake Please help.,Cancellation,
I need help because Cancel my recent order Can you resolve this?,Cancellation,
I need help because How do I renew my subscription? Please help me with this issue.,Subscription,
Can you help me? I want to cancel my subscription Please look into this.,Subscription,
"Please help me, How do I renew my subscription? Please look into this.",Subscription,
I need help because The refund was approved but I have not received it Please help.,Refund,
I need help because Can I change my subscription? Can you check this?,Subscription,
I need assistance because I want to cancel before it is shipped I need assistance.,Cancellation,
Could you please help? The app is very slow Please look into this.,Technical Issue,
"Please help me, I cannot access my account What should I do?",Account Issue,
Can I change my subscription? Please help me with this issue.,Subscription,
"Please help me, My password is not working Please help.",Account Issue,
The payment was successful but the order was cancelled Please help.,Payment Issue,
Can you help me? My order is still in transit Please look into this.,Delivery Issue,
I am facing an issue where I need my money back What should I do?,Refund,
Could you please help? My subscription payment failed Please help.,Subscription,
I need help because My order has not arrived yet Can you resolve this?,Delivery Issue,
How can I cancel my order? What should I do?,Cancellation,
I was charged but my order still shows as unpaid Can you check this?,Payment Issue,
I am facing an issue where My money has not been refunded,Refund,
"Please help me, I want to return the payment and get a refund What should I do?",Refund,
I am facing an issue where My order contains the wrong product Please look into this.,Order Issue,
I am facing an issue where I need help with my subscription Please help me with this issue.,Subscription,
I need assistance because Why is my delivery taking so long? Please help me with this issue.,Delivery Issue,
I am facing an issue where Please stop my order I need assistance.,Cancellation,
I need help because The wrong product was delivered Please look into this.,Order Issue,
I need help because My money has not been refunded Can you check this?,Refund,
I need help because Cancel my recent order Can you check this?,Cancellation,
I am having a problem because The payment gateway is not working,Payment Issue,
I am having a problem because I cannot complete my payment Can you resolve this?,Payment Issue,
"Please help me, Cancel my recent order What should I do?",Cancellation,
I need help because When will I receive my refund?,Refund,
"Please help me, There is an item missing from my package What should I do?",Order Issue,
"Please help me, The application is not responding Please help.",Technical Issue,
"Please help me, The app is very slow Can you resolve this?",Technical Issue,
Can you help me? I made a payment but it is still showing as pending Please help.,Payment Issue,
I am facing an issue where My subscription was renewed automatically Please help.,Subscription,
I am facing an issue where Why is my refund delayed? Can you resolve this?,Refund,
I need help because Can you tell me where my package is? Please help me with this issue.,Delivery Issue,
Could you please help? My password is not working,Account Issue,
Could you please help? My UPI payment failed I need assistance.,Payment Issue,
I need help with my subscription Please help me with this issue.,Subscription,
I am having a problem because My password is not working What should I do?,Account Issue,
I need help because How can I upgrade my subscription? I need assistance.,Subscription,
Can you help me? Can I cancel my order? Please help.,Cancellation,
I need help because The tracking information has not updated What should I do?,Delivery Issue,
I am having a problem because The payment gateway is not working What should I do?,Payment Issue,
Can you help me? I cannot access my account I need assistance.,Account Issue,
I am facing an issue where Please cancel this transaction Please help.,Cancellation,
I need assistance because My package has not been delivered Can you resolve this?,Delivery Issue,
Can you help me? Why is my delivery taking so long? What should I do?,Delivery Issue,
I am unable to use the checkout page Can you check this?,Technical Issue,
I need assistance because My order is still in transit Please help me with this issue.,Delivery Issue,
I need help because How can I reset my password? Can you check this?,Account Issue,
I am facing an issue where I want to cancel before it is shipped Please help.,Cancellation,
The payment keeps getting declined What should I do?,Payment Issue,
Can you help me? The tracking information has not updated Please help me with this issue.,Delivery Issue,
I am having a problem because How can I reset my password? Can you resolve this?,Account Issue,
"Please help me, I want a refund",Refund,
I need assistance because Can you tell me where my package is? I need assistance.,Delivery Issue,
Could you please help? My order contains the wrong product Please help.,Order Issue,
Could you please help? Why did my card payment fail? Please help.,Payment Issue,
I am facing an issue where The app keeps crashing Please help.,Technical Issue,
Could you please help? I was charged for a subscription I cancelled,Subscription,
I need assistance because The application is not responding Please help me with this issue.,Technical Issue,
I am having a problem because The website is not working Please look into this.,Technical Issue,
I am having a problem because The app crashes whenever I open it,Technical Issue,
Could you please help? I am getting an error message,Technical Issue,
I need assistance because I no longer want this order,Cancellation,
I am facing an issue where I am having trouble accessing my account Can you check this?,Account Issue,
Could you please help? Can I get a refund for this order? Please look into this.,Refund,
I need help because My package has not been delivered What should I do?,Delivery Issue,
Could you please help? Can I change my subscription? Please look into this.,Subscription,
Could you please help? Please refund my order Please help.,Refund,
I need assistance because The payment keeps getting declined Please help me with this issue.,Payment Issue,
I need assistance because My order is incomplete Please help.,Order Issue,
"Please help me, Please process my refund",Refund,
I am having a problem because My order is still in transit Please look into this.,Delivery Issue,
I am having a problem because I placed the order by mistake I need assistance.,Cancellation,
I am having trouble accessing my account Please help.,Account Issue,
"Please help me, My password is not working I need assistance.",Account Issue,
Could you please help? Where is my package? Please help me with this issue.,Delivery Issue,
I need help because I forgot my password Can you check this?,Account Issue,
I am having a problem because I cannot log into my account Please help.,Account Issue,
I am facing an issue where How do I cancel a purchase? What should I do?,Cancellation,
I am facing an issue where My package is delayed Can you check this?,Delivery Issue,
"Please help me, How can I upgrade my subscription? I need assistance.",Subscription,
Can you help me? The tracking information has not updated Can you check this?,Delivery Issue,
Could you please help? My order is still in transit Please help.,Delivery Issue,
I am facing an issue where I forgot my login details Please help me with this issue.,Account Issue,
I need assistance because My password is not working,Account Issue,
I am facing an issue where Please cancel this transaction Can you check this?,Cancellation,
I am having a problem because My delivery is late Please help.,Delivery Issue,
I am having a problem because How can I change my password? Can you check this?,Account Issue,
I need assistance because I received a damaged product Can you check this?,Order Issue,
Could you please help? My payment failed while placing the order,Payment Issue,
Could you please help? The website is showing an error I need assistance.,Technical Issue,
Can you help me? The product I received is different from what I ordered What should I do?,Order Issue,
Can I cancel my order? Please help me with this issue.,Cancellation,
Can you help me? Why is my delivery taking so long? Please look into this.,Delivery Issue,
I am facing an issue where I want a refund,Refund,
"Please help me, I placed the order by mistake I need assistance.",Cancellation,
I need assistance because I was charged for a subscription I cancelled I need assistance.,Subscription,
"Please help me, I have been waiting for my order Can you resolve this?",Delivery Issue,
The money was deducted from my account but the payment failed Can you check this?,Payment Issue,
I need assistance because How do I cancel a purchase? Please look into this.,Cancellation,
Could you please help? How do I update my phone number? What should I do?,Account Issue,
I am facing an issue where The website is not working Please look into this.,Technical Issue,
Can you help me? Something is missing from my order Can you resolve this?,Order Issue,
Could you please help? My refund has not arrived I need assistance.,Refund,
Could you please help? I changed my mind and want to cancel What should I do?,Cancellation,
I am having a problem because Why is my payment pending? Can you check this?,Payment Issue,
Can you help me? I cannot remember my password Please help me with this issue.,Account Issue,
Could you please help? I cannot log into my account Can you resolve this?,Account Issue,
"Please help me, When will my package be delivered? I need assistance.",Delivery Issue,
Could you please help? I cannot complete my payment Can you resolve this?,Payment Issue,
Could you please help? My account login is not working Can you check this?,Account Issue,
I need help because The refund was approved but I have not received it Please help me with this issue.,Refund,
I cannot access my account Please look into this.,Account Issue,
"Please help me, The app is very slow What should I do?",Technical Issue,
I need help because The payment was successful but the order was cancelled Please help.,Payment Issue,
I am facing an issue where My payment was deducted but the order was not placed I need assistance.,Payment Issue,
Can you help me? How can I reset my password? Can you resolve this?,Account Issue,
Can you help me? Please process my refund I need assistance.,Refund,
I need help because My account is locked,Account Issue,
How do I update my phone number? Can you resolve this?,Account Issue,
I need help because When does my subscription expire? Please help me with this issue.,Subscription,
I need assistance because Where is my package? I need assistance.,Delivery Issue,
I am facing an issue where The app crashes whenever I open it What should I do?,Technical Issue,
I am having a problem because Cancel my recent order Please look into this.,Cancellation,
I am facing an issue where The website is showing an error I need assistance.,Technical Issue,
Can you help me? Why is my refund delayed? I need assistance.,Refund,
I forgot my login details Please help me with this issue.,Account Issue,
How can I change my password? Can you resolve this?,Account Issue,
Can you help me? Why was I charged for my subscription? What should I do?,Subscription,
Could you please help? I am unable to sign in Please help me with this issue.,Account Issue,
I am facing an issue where Where is my refund? Please help me with this issue.,Refund,
Can I get a refund for this order? I need assistance.,Refund,
Can you help me? Can I cancel my order? I need assistance.,Cancellation,
I need help because I no longer want this order Please help.,Cancellation,
Can you help me? My order is showing the wrong item I need assistance.,Order Issue,
I need help because My order contains a damaged item Can you check this?,Order Issue,
"Please help me, There is a technical problem What should I do?",Technical Issue,
I need help because I want to cancel before it is shipped Can you resolve this?,Cancellation,
I need assistance because I received the wrong product Please help me with this issue.,Order Issue,
Could you please help? The website is not working Can you check this?,Technical Issue,
"Please help me, How long does a refund take? What should I do?",Refund,
I am having a problem because How can I upgrade my subscription? Please look into this.,Subscription,
I am having a problem because I cannot log into my account Can you check this?,Account Issue,
I am facing an issue where Why did my card payment fail? Please help.,Payment Issue,
"Please help me, Where is my refund? Please look into this.",Refund,
Could you please help? There is a technical problem Please look into this.,Technical Issue,
I am having a problem because My password is not working,Account Issue,
"Please help me, My package is delayed What should I do?",Delivery Issue,
"Please help me, I forgot my login details Please help.",Account Issue,
I am having a problem because My order details are incorrect I need assistance.,Order Issue,
I am having a problem because The product I received is damaged Please help.,Order Issue,
The delivery is taking longer than expected Can you resolve this?,Delivery Issue,
I am having a problem because My order is showing the wrong item What should I do?,Order Issue,
"Please help me, The website keeps showing an error I need assistance.",Technical Issue,
Could you please help? When will my package be delivered? What should I do?,Delivery Issue,
I need help because My order has not arrived yet Please help.,Delivery Issue,
My payment failed while placing the order Please help.,Payment Issue,
I am facing an issue where How can I cancel my order? Can you check this?,Cancellation,
The item I received is not what I purchased Please look into this.,Order Issue,
I am having a problem because There is an item missing from my package What should I do?,Order Issue,
How can I manage my subscription? What should I do?,Subscription,
I have been waiting for my refund Can you check this?,Refund,
How can I reset my password? Can you check this?,Account Issue,
I am unable to use the checkout page Please help.,Technical Issue,
"Please help me, The website keeps showing an error",Technical Issue,
I am facing an issue where I want to cancel the purchase Please help me with this issue.,Cancellation,
"Please help me, Why is my delivery taking so long? Please help me with this issue.",Delivery Issue,
I am facing an issue where My subscription was renewed automatically What should I do?,Subscription,
I am having a problem because I cannot use the website Please help me with this issue.,Technical Issue,
Could you please help? The website is not working Please look into this.,Technical Issue,
I am facing an issue where The payment gateway is not working Please help me with this issue.,Payment Issue,
The product I received is damaged I need assistance.,Order Issue,
I am having a problem because When will I receive my refund? Can you check this?,Refund,
Can you help me? Why is my payment pending? Please help me with this issue.,Payment Issue,
The delivery is taking longer than expected Can you check this?,Delivery Issue,
Can you help me? The app crashes whenever I open it Can you check this?,Technical Issue,
I am having a problem because The payment was successful but the order was cancelled Please help me with this issue.,Payment Issue,
Can you help me? When will I receive my refund? Please look into this.,Refund,
I am having a problem because I cannot access my account,Account Issue,
I need help because The wrong product was delivered I need assistance.,Order Issue,
"Please help me, I want to change my subscription plan I need assistance.",Subscription,
"Please help me, I need to cancel an order Please look into this.",Cancellation,
Can you help me? I am unable to sign in What should I do?,Account Issue,
I am facing an issue where The item I received is not what I purchased Can you check this?,Order Issue,
I need help because How can I change my password? Can you resolve this?,Account Issue,
I need help because The delivery date has passed Can you check this?,Delivery Issue,
I am having a problem because I want to cancel before it is shipped I need assistance.,Cancellation,
Can you help me? My UPI payment failed Please help me with this issue.,Payment Issue,
"Please help me, When does my subscription expire? Can you check this?",Subscription,
I need help because I was charged but my order still shows as unpaid Please look into this.,Payment Issue,
How do I update my phone number? What should I do?,Account Issue,
Could you please help? My order contains the wrong product Please look into this.,Order Issue,
I am having a problem because My package is delayed,Delivery Issue,
"Please help me, There is an item missing from my package Please help me with this issue.",Order Issue,
I am facing an issue where My password is not working Please help.,Account Issue,
I need assistance because I want to cancel my subscription What should I do?,Subscription,
I was charged for a subscription I cancelled I need assistance.,Subscription,
I need assistance because My package has not been delivered Please help me with this issue.,Delivery Issue,
I am facing an issue where Why was I charged for my subscription? Please look into this.,Subscription,
I need assistance because The payment was successful but the order was cancelled Can you resolve this?,Payment Issue,
Can you help me? Can you cancel my order? Can you resolve this?,Cancellation,
I was charged but my order still shows as unpaid I need assistance.,Payment Issue,
Could you please help? My money has not been refunded Please look into this.,Refund,
I am having a problem because I want to downgrade my plan Please look into this.,Subscription,
I am facing an issue where I received the wrong size Please help.,Order Issue,
I want to cancel my order Please look into this.,Cancellation,
I need assistance because My order details are incorrect Please help.,Order Issue,
I need assistance because When does my subscription expire? What should I do?,Subscription,
"Please help me, My order is still in transit Please help.",Delivery Issue,
I need help because There is an item missing from my package Please help me with this issue.,Order Issue,
"Please help me, The refund was approved but I have not received it Please look into this.",Refund,
Could you please help? The app crashes whenever I open it,Technical Issue,
Can you help me? The payment keeps getting declined Can you check this?,Payment Issue,
I need assistance because Where is my package? Can you check this?,Delivery Issue,
I need assistance because I was charged for a subscription I cancelled Please look into this.,Subscription,
I am facing an issue where How do I change my email address? Can you resolve this?,Account Issue,
I need help because The page keeps freezing Please help.,Technical Issue,
I am facing an issue where I was charged for a subscription I cancelled Please help.,Subscription,
I am facing an issue where I need my money back I need assistance.,Refund,
How can I stop automatic renewal? What should I do?,Subscription,
I need help because The tracking information has not updated Please help.,Delivery Issue,
Could you please help? Cancel my recent order Can you check this?,Cancellation,
Can I get a refund for this order?,Refund,
I need assistance because I forgot my password Can you resolve this?,Account Issue,
I am facing an issue where Please process my refund,Refund,
I am facing an issue where Can I change my subscription? Can you resolve this?,Subscription,
I am having a problem because When will I receive my refund? Please look into this.,Refund,
Can you help me? My order details are incorrect Please look into this.,Order Issue,
The money was deducted from my account but the payment failed Please help.,Payment Issue,
Could you please help? The payment was successful but the order was cancelled Please help me with this issue.,Payment Issue,
I need help because How can I reset my password? Can you resolve this?,Account Issue,
I cannot open the application Can you resolve this?,Technical Issue,
I am facing an issue where Where is my refund?,Refund,
I need assistance because How can I stop automatic renewal? What should I do?,Subscription,
The payment gateway is not working I need assistance.,Payment Issue,
I am having a problem because Where is my refund? Can you check this?,Refund,
Can you help me? My password is not working,Account Issue,
Can you help me? How do I update my phone number? What should I do?,Account Issue,
I am having a problem because How can I request a refund?,Refund,
I need help because Why is my delivery taking so long? Please help me with this issue.,Delivery Issue,
Could you please help? My password is not working Please help.,Account Issue,
I am having a problem because Where is my refund? I need assistance.,Refund,
I need assistance because My account login is not working What should I do?,Account Issue,
My account is locked What should I do?,Account Issue,
Can you help me? Why did my card payment fail? Please help me with this issue.,Payment Issue,
I am having a problem because I cannot remember my password Can you check this?,Account Issue,
I am facing an issue where When does my subscription expire? Please help.,Subscription,
I want to update my account information Can you resolve this?,Account Issue,
"Please help me, The payment keeps getting declined",Payment Issue,
Could you please help? I need my money back Please look into this.,Refund,
I need assistance because Can I cancel my order? Please help me with this issue.,Cancellation,
My shipment is stuck in transit Can you check this?,Delivery Issue,
Could you please help? The application stopped working Please help me with this issue.,Technical Issue,
Could you please help? I am having trouble accessing my account Please look into this.,Account Issue,
Could you please help? The page keeps freezing Please look into this.,Technical Issue,
I need help because Why is my refund delayed? Please help me with this issue.,Refund,
I forgot my password Please help.,Account Issue,
I need assistance because The app is very slow,Technical Issue,
Could you please help? How can I change my password? Please help me with this issue.,Account Issue,
I am having a problem because My order contains a damaged item Can you resolve this?,Order Issue,
"Please help me, I am unable to sign in Can you resolve this?",Account Issue,
I am facing an issue where The refund was approved but I have not received it What should I do?,Refund,
Can you help me? I am getting an error message What should I do?,Technical Issue,
"Please help me, I want to downgrade my plan Please help me with this issue.",Subscription,
When does my subscription expire? I need assistance.,Subscription,
"Please help me, My delivery is late What should I do?",Delivery Issue,
Could you please help? I received a damaged product Can you check this?,Order Issue,
Could you please help? Please cancel my purchase Please help me with this issue.,Cancellation,
Could you please help? I cannot log into my account Please look into this.,Account Issue,
"Please help me, My money has not been refunded Please help me with this issue.",Refund,
I am having a problem because How can I request a refund? What should I do?,Refund,
I am having a problem because I received the wrong size What should I do?,Order Issue,
I am having a problem because The item I received is not what I purchased Can you check this?,Order Issue,
I am having a problem because My order details are incorrect Can you check this?,Order Issue,
I am having a problem because I want to change my subscription plan Can you check this?,Subscription,
Can you help me? How do I change my email address? What should I do?,Account Issue,
Can you help me? The refund was approved but I have not received it,Refund,
I am having a problem because Please cancel this transaction Can you resolve this?,Cancellation,
I cannot remember my password Can you resolve this?,Account Issue,
I need assistance because I want to return the payment and get a refund I need assistance.,Refund,
"Please help me, The wrong product was delivered Can you check this?",Order Issue,
"Please help me, My package has not been delivered Please help me with this issue.",Delivery Issue,
I need assistance because I want to update my account information Please look into this.,Account Issue,
I need help because The refund was approved but I have not received it I need assistance.,Refund,
"Please help me, I am unable to use the checkout page Can you resolve this?",Technical Issue,
"Please help me, The payment was successful but the order was cancelled I need assistance.",Payment Issue,
"Please help me, I was charged twice for one order What should I do?",Payment Issue,
Could you please help? Can I change my subscription?,Subscription,
I am having a problem because The money was deducted from my account but the payment failed,Payment Issue,
Can you help me? I have been waiting for my order Can you resolve this?,Delivery Issue,
I need help because The website keeps showing an error What should I do?,Technical Issue,
Cancel my recent order Please help.,Cancellation,
I received a damaged product Can you check this?,Order Issue,
Could you please help? Please refund my order Please look into this.,Refund,
Please cancel my purchase I need assistance.,Cancellation,
Can you help me? The checkout page is not loading Please help.,Technical Issue,
I need assistance because How do I update my phone number? Please help.,Account Issue,
"Please help me, I need help with my subscription Please look into this.",Subscription,
I need assistance because My account login is not working Please look into this.,Account Issue,
I need help because The app crashes whenever I open it Please help.,Technical Issue,
I am having a problem because I was charged twice for one order I need assistance.,Payment Issue,
I need help because My order contains the wrong product,Order Issue,
I am having a problem because My refund has not arrived Can you check this?,Refund,
Can you help me? My order contains a damaged item Can you resolve this?,Order Issue,
I am facing an issue where I want to cancel my order Can you resolve this?,Cancellation,
I was charged twice for the same transaction I need assistance.,Payment Issue,
Could you please help? The app keeps crashing,Technical Issue,
"Please help me, I was charged twice for the same transaction Can you resolve this?",Payment Issue,
The website keeps showing an error Please help.,Technical Issue,
I need assistance because I want to cancel my subscription Can you check this?,Subscription,
I am having a problem because My payment failed while placing the order,Payment Issue,
I need help because I cannot use the website Can you check this?,Technical Issue,
I need help because I want to update my account information Please look into this.,Account Issue,
I am having a problem because How long does a refund take?,Refund,
"Please help me, I want to cancel my subscription Can you check this?",Subscription,
My payment failed while placing the order What should I do?,Payment Issue,
Could you please help? How can I stop automatic renewal? Please help.,Subscription,
I need assistance because I need my money back I need assistance.,Refund,
"Please help me, The app is very slow Please look into this.",Technical Issue,
"Please help me, The item I received is not what I purchased Please help me with this issue.",Order Issue,
I am facing an issue where How can I request a refund? What should I do?,Refund,
Can you help me? I cannot remember my password Please look into this.,Account Issue,
I need assistance because The application is not responding Can you check this?,Technical Issue,
Can you help me? Please cancel this transaction Can you resolve this?,Cancellation,
I need help because Can I get a refund for this order? Please help.,Refund,
Could you please help? The product I received is damaged Can you resolve this?,Order Issue,
I am having a problem because Why is my delivery taking so long?,Delivery Issue,
Can you help me? I want to cancel my order Can you check this?,Cancellation,
Can you help me? How do I change my email address? Please look into this.,Account Issue,
I need assistance because My UPI payment failed Please look into this.,Payment Issue,
I need help because I changed my mind and want to cancel Please help me with this issue.,Cancellation,
Can you help me? Can I change my subscription? Can you check this?,Subscription,
I cannot complete my payment Can you resolve this?,Payment Issue,
How can I request a refund? Please help me with this issue.,Refund,
I am having a problem because The tracking information has not updated Please look into this.,Delivery Issue,
"Please help me, I want to cancel the purchase Can you check this?",Cancellation,
I am facing an issue where Can I get a refund for this order? Can you resolve this?,Refund,
Can you help me? Where is my package? I need assistance.,Delivery Issue,
I am facing an issue where I cannot log into my account Please help me with this issue.,Account Issue,
I am having a problem because How can I manage my subscription?,Subscription,
Could you please help? How can I request a refund? Please look into this.,Refund,
The money was deducted from my account but the payment failed Please help me with this issue.,Payment Issue,
I am facing an issue where Something is missing from my order Please help me with this issue.,Order Issue,
Could you please help? There is a technical problem What should I do?,Technical Issue,
My order contains a damaged item,Order Issue,
"Please help me, My order contains a damaged item Please look into this.",Order Issue,
I need help because The product I received is damaged Please help.,Order Issue,
Where is my order?,Delivery Issue,where is my order
Where is my package?,Delivery Issue,where is my package
My order has not arrived yet,Delivery Issue,my order has not arrived yet
My package has not arrived yet,Delivery Issue,my package has not arrived yet
When will my order arrive?,Delivery Issue,when will my order arrive
When will my package arrive?,Delivery Issue,when will my package arrive
When can I expect my delivery?,Delivery Issue,when can i expect my delivery
My order is late,Delivery Issue,my order is late
My package is delayed,Delivery Issue,my package is delayed
My delivery was supposed to arrive yesterday,Delivery Issue,my delivery was supposed to arrive yesterday
My order was supposed to arrive yesterday,Delivery Issue,my order was supposed to arrive yesterday
The delivery date has passed,Delivery Issue,the delivery date has passed
My package was supposed to arrive but it hasn't,Delivery Issue,my package was supposed to arrive but it hasn t
I have not received my package,Delivery Issue,i have not received my package
I have not received my order,Delivery Issue,i have not received my order
My package is still in transit,Delivery Issue,my package is still in transit
The tracking information has not updated,Delivery Issue,the tracking information has not updated
My package tracking has not changed,Delivery Issue,my package tracking has not changed
Can you tell me where my order is?,Delivery Issue,can you tell me where my order is
Can you check the status of my package?,Delivery Issue,can you check the status of my package
I want to track my order,Delivery Issue,i want to track my order
I want to know when my package will arrive,Delivery Issue,i want to know when my package will arrive
My package is taking too long to arrive,Delivery Issue,my package is taking too long to arrive
Why has my order not arrived?,Delivery Issue,why has my order not arrived
Why is my package delayed?,Delivery Issue,why is my package delayed
My expected delivery date has passed,Delivery Issue,my expected delivery date has passed
My order has been delayed,Delivery Issue,my order has been delayed
