ticket,priority
"I would like to know, There is an unauthorized payment on my account Please help.",High
I need help because My money was taken without authorization I need assistance.,High
I need help because How can I change my email address?,Low
Can you help me? How do I change my account name? Please check this for me.,Low
"I would like to know, I want to update my phone number Can you help me?",Low
I need help because The tracking information has not updated,Medium
I need assistance because I cannot access my account after suspicious activity Please help.,High
Could you please help? The courier has not delivered my order I need assistance.,Medium
"Please help me, I see an unauthorized transaction Please help.",High
"I would like to know, How can I update my profile? Can you help me?",Low
I need assistance because The courier has not delivered my order Please check this for me.,Medium
"I would like to know, Someone accessed my account Can you resolve this?",High
I am facing an issue where My order is taking longer than expected Please check this for me.,Medium
"Please help me, I see an unauthorized transaction Can you resolve this?",High
Can you help me? How do I change my username? Can you help me?,Low
I need help because My account has been compromised Please help me with this issue.,High
"Please help me, I noticed a payment that I did not make I need assistance.",High
I need assistance because The courier has not delivered my order Can you resolve this?,Medium
Could you please help? How can I update my communication preferences? Please help.,Low
"I would like to know, How can I change my email address? I need assistance.",Low
I need assistance because I was charged twice for the same order Can you help me?,High
I am facing an issue where I noticed a payment that I did not make Please help.,High
Could you please help? There is an unauthorized payment on my account Can you check this?,High
"I would like to know, I noticed a payment that I did not make Please check this for me.",High
I am facing an issue where I was charged twice for the same order I need assistance.,High
How can I change my email address? Please help me with this issue.,Low
I need assistance because I found an unknown transaction on my account I need assistance.,High
Could you please help? My account is completely locked What should I do?,High
"Please help me, Someone accessed my account I need assistance.",High
"Please help me, I see an unauthorized transaction Please help me with this issue.",High
Can you help me? My card was charged for a purchase I did not make Can you resolve this?,High
"Please help me, Why is my delivery taking so long? Can you resolve this?",Medium
"Please help me, There is suspicious activity on my account Can you resolve this?",High
I am facing an issue where I believe my account has been hacked Can you resolve this?,High
I need help because Can I change my notification settings? Please check this for me.,Low
"I would like to know, Can I change the address on my account? Can you resolve this?",Low
Can you help me? Can I change my notification settings? Please check this for me.,Low
Can someone help me? Can I change my notification settings? Please check this for me.,Low
My card was charged but I did not make this purchase What should I do?,High
"Please help me, I want to update my phone number",Low
Can you help me? I see an unauthorized transaction,High
Can someone help me? Where can I update my phone number? Please look into this.,Low
I am facing an issue where My money was taken without authorization Can you help me?,High
Can you help me? When will my order arrive? I need assistance.,Medium
Can you help me? I see an unauthorized transaction Please look into this.,High
Could you please help? How do I change my account name? Please help.,Low
I need assistance because How can I update my profile? Please look into this.,Low
Could you please help? How do I update my preferences? Please help me with this issue.,Low
Can you help me? My package is still in transit Please look into this.,Medium
I need help because My order is taking longer than expected Please look into this.,Medium
I need help because Where can I see my order status? Please check this for me.,Medium
Can you help me? My delivery date has passed What should I do?,Medium
I see an unauthorized transaction Can you resolve this?,High
Could you please help? My account has been compromised Please look into this.,High
I am facing an issue where The tracking information has not updated Please help me with this issue.,Medium
I need assistance because The tracking information has not updated Please help.,Medium
I need help because How do I change my delivery address? I need assistance.,Low
Could you please help? I want to update my phone number,Low
I am having a problem because Can I update my account details? Please check this for me.,Low
Could you please help? I am still waiting for my delivery Can you help me?,Medium
"Please help me, When will my order arrive? Please help me with this issue.",Medium
I need assistance because Where is my package? I need assistance.,Medium
Could you please help? How do I change my username? Can you check this?,Low
Can you help me? I want to update my phone number Please help.,Low
Can someone help me? My package has not arrived yet Can you resolve this?,Medium
Could you please help? How can I update my communication preferences? Please look into this.,Low
Could you please help? I want to change my account settings Can you help me?,Low
Could you please help? I was charged twice for the same order Can you help me?,High
Could you please help? Someone accessed my account Can you check this?,High
I need assistance because How do I change my username? Please look into this.,Low
"Please help me, How do I change my username? Please help me with this issue.",Low
"I would like to know, The tracking information has not updated What should I do?",Medium
"I would like to know, My order is delayed Can you help me?",Medium
"I would like to know, How can I update my profile? What should I do?",Low
The tracking status has not changed,Medium
Could you please help? There is an unauthorized payment on my account Can you help me?,High
Can someone help me? My order has not arrived yet,Medium
I need assistance because My order is taking longer than expected Can you help me?,Medium
"I would like to know, I want to modify my profile Please check this for me.",Low
"I would like to know, The tracking information has not updated Can you help me?",Medium
I am having a problem because Someone accessed my account Please look into this.,High
I am facing an issue where How can I update my communication preferences? Please help.,Low
How do I update my preferences? Please help me with this issue.,Low
Could you please help? The tracking status has not changed Please help me with this issue.,Medium
I am facing an issue where When will my order arrive? What should I do?,Medium
Can you help me? I want to modify my profile Please check this for me.,Low
I am having a problem because Where is my package? Please look into this.,Medium
Could you please help? The tracking status has not changed Please help.,Medium
I need assistance because My delivery date has passed What should I do?,Medium
"Please help me, My package is stuck in transit Please check this for me.",Medium
"Please help me, Someone has accessed my account without my permission Can you help me?",High
Can you help me? I want to modify my profile Please help me with this issue.,Low
Could you please help? Can I update my account details? Please help me with this issue.,Low
I am facing an issue where My card was charged for a purchase I did not make Please check this for me.,High
I am having a problem because My payment was deducted but the order failed Please help.,High
I am facing an issue where I want to update my profile information Please check this for me.,Low
Can someone help me? Where can I change my account information? Please help.,Low
I am facing an issue where How can I change my account details? Can you check this?,Low
Someone accessed my account Can you resolve this?,High
Could you please help? How can I edit my account information? I need assistance.,Low
I need help because The courier has not delivered my order Can you check this?,Medium
I need assistance because My package is still in transit,Medium
Can someone help me? Someone used my account without permission Please help me with this issue.,High
Can someone help me? I cannot access my account after suspicious activity Please check this for me.,High
"Please help me, Where can I change my account information? What should I do?",Low
"Please help me, How do I update my preferences? Please look into this.",Low
Could you please help? Where can I update my phone number? What should I do?,Low
I am having a problem because Someone made a purchase using my account What should I do?,High
I am facing an issue where How do I change my delivery address? Please help.,Low
"Please help me, The tracking information has not updated Can you check this?",Medium
Can you help me? I want to update my phone number Can you resolve this?,Low
I am having a problem because My account has been compromised Can you check this?,High
Can you help me? My order is delayed Can you help me?,Medium
"Please help me, How do I change my username? Can you resolve this?",Low
Can someone help me? I need help updating my profile Can you resolve this?,Low
I need assistance because How do I change my account name? Please help me with this issue.,Low
The delivery is two days late Can you resolve this?,Medium
I am having a problem because Where can I update my phone number? Please help.,Low
I need help because I want to update my profile information Please look into this.,Low
I need assistance because My card was charged but I did not make this purchase Please check this for me.,High
Could you please help? My order has not arrived yet,Medium
There is a fraudulent transaction on my account Please check this for me.,High
"Please help me, There is an unauthorized payment on my account I need assistance.",High
I need help because Can I change the address on my account? Please check this for me.,Low
Can you help me? How can I change my email address? Can you resolve this?,Low
I am having a problem because My card was charged but I did not make this purchase I need assistance.,High
"I would like to know, I believe my account has been hacked Please check this for me.",High
"Please help me, My order is taking longer than expected I need assistance.",Medium
I am having a problem because I noticed a payment that I did not make Please check this for me.,High
I want to modify my profile Please check this for me.,Low
I need help because My card was charged but I did not make this purchase Please help me with this issue.,High
Can you help me? Can I change the address on my account? What should I do?,Low
I need help because There is a fraudulent transaction on my account Please check this for me.,High
Can someone help me? Someone accessed my account Can you help me?,High
I need help because When will my package be delivered? Can you check this?,Medium
"Please help me, I want to modify my profile Can you resolve this?",Low
Could you please help? I want to update my profile information,Low
Can someone help me? How do I update my preferences? Can you resolve this?,Low
"I would like to know, My order is taking longer than expected Please help.",Medium
Can you help me? How do I change my account name? Please help.,Low
Can you help me? There is suspicious activity on my account Can you help me?,High
I need assistance because How can I update my communication preferences? Please help.,Low
"Please help me, I believe my account has been hacked Please help me with this issue.",High
"Please help me, Can I change the address on my account? Please look into this.",Low
"I would like to know, Where can I see my order status? I need assistance.",Medium
I need help because My card was charged for a purchase I did not make Please help.,High
I need help because My order has not arrived yet Please look into this.,Medium
I am facing an issue where My card was charged but I did not make this purchase Please help.,High
Can someone help me? I want to change my account settings,Low
I am facing an issue where The delivery is two days late I need assistance.,Medium
Could you please help? Someone has accessed my account without my permission I need assistance.,High
Can you help me? I was charged twice for the same order Please check this for me.,High
"Please help me, My account has been compromised",High
I need assistance because The tracking information has not updated Please help me with this issue.,Medium
I need help because I noticed a payment that I did not make Please help.,High
Can someone help me? My money was taken without authorization Can you help me?,High
I need help because Can I change the address on my account?,Low
I am having a problem because Can I change my notification settings? Can you resolve this?,Low
Can someone help me? I want to update my profile information Please look into this.,Low
"Please help me, How do I change my delivery address? Can you help me?",Low
I am having a problem because How can I edit my account information? Please help.,Low
I am facing an issue where My money was taken without authorization I need assistance.,High
Could you please help? Someone has accessed my account without my permission Please help.,High
Could you please help? How do I change my account name? Please check this for me.,Low
"I would like to know, I need help updating my profile Please check this for me.",Low
I am having a problem because Someone has accessed my account without my permission Can you check this?,High
I need assistance because I believe my account has been hacked I need assistance.,High
"I would like to know, Where is my package? Can you resolve this?",Medium
I want to update my profile information Please look into this.,Low
Can someone help me? How can I update my profile?,Low
Can someone help me? Someone made a purchase using my account Please check this for me.,High
I am having a problem because My package is still in transit What should I do?,Medium
Can someone help me? Can you tell me where my package is? Please look into this.,Medium
I need help because I want to modify my profile Can you resolve this?,Low
"I would like to know, How can I edit my account information? Can you resolve this?",Low
I am having a problem because My payment was deducted but the order failed Can you resolve this?,High
Could you please help? My package is still in transit Please check this for me.,Medium
Where can I update my phone number?,Low
I am facing an issue where Someone has accessed my account without my permission Please help me with this issue.,High
Could you please help? I want to modify my profile Please check this for me.,Low
Can someone help me? My order is taking longer than expected,Medium
I need help because How can I update my communication preferences? Please help me with this issue.,Low
I need help because I need help updating my profile Please look into this.,Low
I need assistance because My account has been compromised Can you help me?,High
Where can I see my order status? Please look into this.,Medium
I am having a problem because My shipment has been delayed Please help me with this issue.,Medium
I need help updating my profile Please check this for me.,Low
I believe my account has been hacked Please check this for me.,High
Could you please help? There is an unauthorized payment on my account Can you resolve this?,High
"Please help me, The courier has not delivered my order I need assistance.",Medium
"Please help me, There is an unauthorized payment on my account Please look into this.",High
Could you please help? My payment was deducted but the order failed,High
"I would like to know, When will my package be delivered? Can you resolve this?",Medium
Could you please help? How do I change my delivery address? Please check this for me.,Low
"I would like to know, My order is taking longer than expected Please check this for me.",Medium
I need assistance because I want to modify my profile Please help me with this issue.,Low
I am having a problem because My package is still in transit Please look into this.,Medium
Could you please help? How can I change my account details? Please help.,Low
"I would like to know, My package is stuck in transit Please check this for me.",Medium
I need help because How can I change my account details? Can you help me?,Low
I am facing an issue where How can I update my profile? I need assistance.,Low
Can you help me? There is a fraudulent transaction on my account Please look into this.,High
"Please help me, Can you tell me where my package is? Can you check this?",Medium
Could you please help? How do I change my account name? Can you resolve this?,Low
Can you help me? Can you tell me where my package is? I need assistance.,Medium
I need assistance because How do I update my preferences? Can you help me?,Low
I need assistance because The delivery is two days late I need assistance.,Medium
Can you help me? Can I change the address on my account? Please help.,Low
My payment was deducted but the order failed What should I do?,High
I need assistance because The tracking status has not changed Please look into this.,Medium
"Please help me, There is a fraudulent transaction on my account Can you resolve this?",High
I am facing an issue where How do I change my delivery address? What should I do?,Low
"I would like to know, I think someone has hacked my account Please help.",High
I am having a problem because I want to change my account settings Please check this for me.,Low
Could you please help? There is suspicious activity on my account I need assistance.,High
Could you please help? I want to change my account settings Can you resolve this?,Low
Could you please help? When will my order arrive? Can you check this?,Medium
"Please help me, My package is still in transit I need assistance.",Medium
I am having a problem because Where can I see my order status? Please help.,Medium
"Please help me, How do I change my username? Please check this for me.",Low
I am having a problem because Where can I change my account information? Can you resolve this?,Low
"I would like to know, How do I change my delivery address? I need assistance.",Low
Can someone help me? How do I change my account name? Can you check this?,Low
I need help because Someone has accessed my account without my permission Please help me with this issue.,High
I need assistance because My card was charged for a purchase I did not make,High
"I would like to know, Can I change the address on my account?",Low
Can you help me? The delivery is two days late,Medium
Can you help me? My account is completely locked Can you help me?,High
Could you please help? I think someone has hacked my account Can you check this?,High
I am facing an issue where I noticed a payment that I did not make I need assistance.,High
My card was charged but I did not make this purchase Please check this for me.,High
Can you help me? I cannot access my account after suspicious activity Please help.,High
My money was taken without authorization Please look into this.,High
Can you help me? My card was charged for a purchase I did not make Can you help me?,High
Can someone help me? My shipment has been delayed Can you check this?,Medium
I need help because There is suspicious activity on my account Please help me with this issue.,High
I am facing an issue where The tracking information has not updated Can you check this?,Medium
Can you help me? How can I edit my account information? Please check this for me.,Low
Can someone help me? The delivery is two days late Can you resolve this?,Medium
I am having a problem because My package has not arrived yet I need assistance.,Medium
I am having a problem because I think someone has hacked my account Can you check this?,High
I need help because My account is completely locked Please help.,High
I need help because My money was taken without authorization Please help.,High
I am having a problem because The courier has not delivered my order Please look into this.,Medium
I need assistance because Someone used my account without permission Please help.,High
"Please help me, How do I change my username? Please help.",Low
I need assistance because My account is completely locked Please help.,High
I am having a problem because Can you tell me where my package is? I need assistance.,Medium
I need assistance because I think someone has hacked my account Please help.,High
Can someone help me? My order is delayed Please help me with this issue.,Medium
"Please help me, My shipment has been delayed Can you help me?",Medium
Can someone help me? The tracking information has not updated Can you help me?,Medium
Can you help me? I was charged twice for the same order I need assistance.,High
I need help because I was charged twice for the same order Please look into this.,High
I am facing an issue where How can I edit my account information? I need assistance.,Low
Can someone help me? My shipment has been delayed I need assistance.,Medium
"Please help me, My delivery is late What should I do?",Medium
I need help because I found an unknown transaction on my account Please help.,High
"Please help me, There is an unauthorized payment on my account Please help.",High
My package is stuck in transit Can you resolve this?,Medium
Can I update my personal information? Please look into this.,Low
I need assistance because Someone accessed my account I need assistance.,High
"I would like to know, My package is stuck in transit",Medium
I am facing an issue where Can I change the address on my account? What should I do?,Low
I am facing an issue where Can I update my personal information? Can you help me?,Low
I need help because I want to update my phone number Please help me with this issue.,Low
I am facing an issue where I noticed a payment that I did not make,High
"Please help me, When will my package be delivered? Please help me with this issue.",Medium
Can you help me? I found an unknown transaction on my account Please help.,High
Could you please help? My account is completely locked Please check this for me.,High
I need assistance because I cannot access my account after suspicious activity Can you help me?,High
I need help because I want to modify my profile Please help.,Low
I am having a problem because My card was charged but I did not make this purchase What should I do?,High
I am having a problem because My payment was deducted but the order failed Please check this for me.,High
I am having a problem because My payment was deducted but the order failed Please look into this.,High
I am having a problem because I see an unauthorized transaction Please help.,High
I need help because My shipment has been delayed What should I do?,Medium
I need help because Where can I change my account information? Can you help me?,Low
Could you please help? My order is taking longer than expected Please look into this.,Medium
"I would like to know, How can I change my email address? Can you resolve this?",Low
My account has been compromised Can you resolve this?,High
Can you help me? I need help updating my profile Please help.,Low
Can someone help me? My account is completely locked Please check this for me.,High
I need assistance because My package has not arrived yet Please help me with this issue.,Medium
Can you help me? There is an unauthorized payment on my account Please help.,High
I am having a problem because Can I change the address on my account? Please look into this.,Low
Can someone help me? There is suspicious activity on my account Please help me with this issue.,High
I am facing an issue where Can you tell me where my package is? Can you check this?,Medium
I am having a problem because My package has not arrived yet Can you help me?,Medium
I am still waiting for my delivery Can you help me?,Medium
I need assistance because I found an unknown transaction on my account Please look into this.,High
Can someone help me? My account is completely locked Can you check this?,High
Can someone help me? The tracking information has not updated What should I do?,Medium
I need help because Can I change my notification settings? Please help.,Low
Could you please help? My package is stuck in transit I need assistance.,Medium
Could you please help? I believe my account has been hacked Can you help me?,High
I need help because There is an unauthorized payment on my account I need assistance.,High
"Please help me, Can I change the address on my account? Please help me with this issue.",Low
I need help because Can I update my personal information? Please help.,Low
Can someone help me? I noticed a payment that I did not make What should I do?,High
"I would like to know, My account has been compromised Can you resolve this?",High
I need help because Where is my package? I need assistance.,Medium
Can someone help me? How do I update my preferences? Please look into this.,Low
I need assistance because I want to update my profile information Can you help me?,Low
I need assistance because My account is completely locked Please check this for me.,High
How can I update my profile? Can you check this?,Low
Can someone help me? When will my order arrive? I need assistance.,Medium
Can someone help me? My account has been compromised Can you help me?,High
I am having a problem because When will my order arrive? Can you help me?,Medium
My package is stuck in transit Please help.,Medium
Can someone help me? The tracking information has not updated,Medium
I need assistance because Can I change my notification settings? Please look into this.,Low
"Please help me, I believe my account has been hacked",High
"Please help me, My delivery is late Please look into this.",Medium
I need assistance because There is an unauthorized payment on my account Can you check this?,High
"I would like to know, My order has not arrived yet",Medium
I need help because The tracking status has not changed Can you resolve this?,Medium
Could you please help? My package is still in transit Can you check this?,Medium
"Please help me, My payment was deducted but the order failed Please check this for me.",High
Could you please help? How do I change my delivery address?,Low
My account is completely locked,High
I am facing an issue where I want to modify my profile Can you check this?,Low
I am facing an issue where Can I change the address on my account? Please look into this.,Low
Could you please help? There is an unauthorized payment on my account I need assistance.,High
I need assistance because My package is stuck in transit,Medium
"Please help me, My card was charged for a purchase I did not make",High
I need assistance because Can you tell me where my package is? I need assistance.,Medium
I am having a problem because When will my order arrive? Please help.,Medium
"Please help me, Where can I update my phone number? Can you check this?",Low
"I would like to know, I want to change my account settings Can you help me?",Low
My delivery is late Can you check this?,Medium
"I would like to know, The tracking status has not changed What should I do?",Medium
I need assistance because How can I update my communication preferences? Can you resolve this?,Low
I need help because I am still waiting for my delivery I need assistance.,Medium
"I would like to know, My account is completely locked Can you resolve this?",High
I am facing an issue where I believe my account has been hacked Please help.,High
Could you please help? Someone used my account without permission Please help.,High
I need help because The tracking status has not changed Can you help me?,Medium
I need assistance because Where can I change my account information? Please check this for me.,Low
I am facing an issue where When will my package be delivered? Please help me with this issue.,Medium
I want to change my account settings Can you resolve this?,Low
I am facing an issue where I think someone has hacked my account Can you check this?,High
I need assistance because How do I change my delivery address? Can you resolve this?,Low
I am having a problem because My order has not arrived yet What should I do?,Medium
I am having a problem because I need help updating my profile I need assistance.,Low
"Please help me, My payment was deducted but the order failed Please help me with this issue.",High
Can someone help me? Can you tell me where my package is? Can you help me?,Medium
"Please help me, The courier has not delivered my order Can you help me?",Medium
Can you tell me where my package is? I need assistance.,Medium
I am facing an issue where When will my order arrive? Please look into this.,Medium
"Please help me, Where is my package? Can you resolve this?",Medium
I am facing an issue where Can I change the address on my account? I need assistance.,Low
I am having a problem because When will my order arrive? Please check this for me.,Medium
"Please help me, My delivery date has passed I need assistance.",Medium
I am facing an issue where I was charged twice for the same order Please look into this.,High
"Please help me, My account has been compromised I need assistance.",High
Can someone help me? Someone has accessed my account without my permission Can you resolve this?,High
"I would like to know, My order is delayed Can you check this?",Medium
Can someone help me? I want to update my phone number,Low
Can someone help me? I want to change my account settings Please check this for me.,Low
I need help because I cannot access my account after suspicious activity,High
"Please help me, I think someone has hacked my account Please check this for me.",High
Can you help me? My payment was deducted but the order failed Can you help me?,High
I need help because The delivery is two days late I need assistance.,Medium
I am facing an issue where I see an unauthorized transaction Can you check this?,High
Could you please help? When will my order arrive? I need assistance.,Medium
I need help because I was charged twice for the same order Please check this for me.,High
"I would like to know, I think someone has hacked my account Please check this for me.",High
"Please help me, I was charged twice for the same order Please look into this.",High
I need assistance because I want to update my profile information Can you check this?,Low
I am facing an issue where I see an unauthorized transaction Can you help me?,High
"Please help me, My account is completely locked I need assistance.",High
I need assistance because I think someone has hacked my account Can you check this?,High
Could you please help? Why is my delivery taking so long? I need assistance.,Medium
I need assistance because The tracking information has not updated I need assistance.,Medium
I need assistance because Can I change the address on my account? Please check this for me.,Low
"Please help me, My payment was deducted but the order failed What should I do?",High
My card was charged but I did not make this purchase Please look into this.,High
I need help updating my profile Can you check this?,Low
I am having a problem because I was charged twice for the same order,High
I am facing an issue where When will my package be delivered? Please look into this.,Medium
Could you please help? When will my package be delivered? Please help.,Medium
Can someone help me? My account has been compromised Can you resolve this?,High
Can someone help me? My package is stuck in transit Can you help me?,Medium
Can someone help me? I think someone has hacked my account I need assistance.,High
I need assistance because My package has not arrived yet Can you help me?,Medium
I am facing an issue where How do I update my preferences? Please check this for me.,Low
I need help because Someone used my account without permission Please check this for me.,High
I need assistance because I believe my account has been hacked Please help.,High
I need assistance because The tracking status has not changed Can you check this?,Medium
Can you help me? My order is taking longer than expected Please help me with this issue.,Medium
Could you please help? I want to update my phone number Please look into this.,Low
Could you please help? I noticed a payment that I did not make Please help.,High
"I would like to know, My card was charged but I did not make this purchase Can you check this?",High
"Please help me, How do I update my preferences? Can you check this?",Low
Can someone help me? Why is my delivery taking so long? Please look into this.,Medium
I need assistance because How do I change my account name? Please look into this.,Low
I am facing an issue where I need help updating my profile What should I do?,Low
Can you help me? I want to update my phone number Please check this for me.,Low
My account is completely locked Can you help me?,High
I found an unknown transaction on my account Can you resolve this?,High
I am facing an issue where How do I update my preferences? I need assistance.,Low
"Please help me, Why is my delivery taking so long? Can you check this?",Medium
Can someone help me? How do I change my delivery address? Please look into this.,Low
"I would like to know, Where can I see my order status? Please help me with this issue.",Medium
I am facing an issue where Where is my package? Please help me with this issue.,Medium
Where can I update my phone number? Please check this for me.,Low
I need help because I see an unauthorized transaction,High
Can someone help me? My delivery date has passed Please look into this.,Medium
Could you please help? There is suspicious activity on my account Can you resolve this?,High
"Please help me, How do I change my username?",Low
"Please help me, My package is stuck in transit I need assistance.",Medium
I am facing an issue where How can I update my communication preferences? Can you help me?,Low
Could you please help? My package is still in transit Can you resolve this?,Medium
I am having a problem because My package is still in transit Please check this for me.,Medium
Could you please help? I found an unknown transaction on my account Please help me with this issue.,High
"I would like to know, The delivery is two days late What should I do?",Medium
Can you help me? I want to change my account settings Please check this for me.,Low
I am facing an issue where How do I change my username?,Low
"I would like to know, I believe my account has been hacked What should I do?",High
I need assistance because When will my package be delivered? Can you help me?,Medium
I need help because How do I change my account name? Can you help me?,Low
I need assistance because Where can I change my account information? Please help me with this issue.,Low
"Please help me, How can I change my account details?",Low
Could you please help? My order is taking longer than expected Can you check this?,Medium
Can someone help me? My order has not arrived yet Please check this for me.,Medium
"Please help me, The tracking information has not updated I need assistance.",Medium
I need help because How do I change my delivery address?,Low
"Please help me, Where can I see my order status? Please look into this.",Medium
I am facing an issue where Someone has accessed my account without my permission I need assistance.,High
I need assistance because Can you tell me where my package is? Can you help me?,Medium
I am having a problem because How can I update my communication preferences? What should I do?,Low
"Please help me, I was charged twice for the same order Can you resolve this?",High
Can you help me? I want to change my account settings What should I do?,Low
Someone has accessed my account without my permission Please look into this.,High
"Please help me, Why is my delivery taking so long? Please check this for me.",Medium
Could you please help? I found an unknown transaction on my account Can you help me?,High
I am facing an issue where Someone accessed my account Please look into this.,High
"Please help me, How do I update my preferences?",Low
Can someone help me? The tracking status has not changed Please check this for me.,Medium
Can someone help me? I want to modify my profile Please check this for me.,Low
Can you help me? The tracking information has not updated Please look into this.,Medium
Can you help me? Someone used my account without permission Can you resolve this?,High
Can you help me? Someone accessed my account Please check this for me.,High
My money was taken without authorization Please help.,High
I am facing an issue where How do I update my preferences? Can you check this?,Low
"Please help me, I want to update my phone number Please check this for me.",Low
I need help because My delivery date has passed Can you help me?,Medium
"Please help me, How can I update my profile? Can you check this?",Low
"I would like to know, How do I change my account name?",Low
"Please help me, When will my package be delivered? Please help.",Medium
I need help because Can I change the address on my account? Please look into this.,Low
"I would like to know, My order has not arrived yet Please help.",Medium
I need help because My package has not arrived yet Please help.,Medium
Could you please help? Someone used my account without permission Can you help me?,High
"I would like to know, Can you tell me where my package is? Please look into this.",Medium
I need assistance because There is a fraudulent transaction on my account,High
How can I change my account details? Please look into this.,Low
Can you help me? Someone has accessed my account without my permission Can you resolve this?,High
I am facing an issue where How do I change my account name? Can you resolve this?,Low
Could you please help? I want to modify my profile Please help.,Low
I need assistance because Why is my delivery taking so long? What should I do?,Medium
I am having a problem because I want to update my profile information Can you resolve this?,Low
"Please help me, My package is stuck in transit Can you help me?",Medium
I need help because How can I change my email address? I need assistance.,Low
I need help because My order is delayed Please check this for me.,Medium
"I would like to know, Why is my delivery taking so long?",Medium
I was charged twice for the same order Please help me with this issue.,High
I am having a problem because How do I change my account name? Please check this for me.,Low
Could you please help? Where can I see my order status? Can you check this?,Medium
I am having a problem because I found an unknown transaction on my account Please help me with this issue.,High
I need help because The delivery is two days late,Medium
I am still waiting for my delivery,Medium
Can someone help me? I want to change my account settings Can you check this?,Low
Can you help me? I noticed a payment that I did not make What should I do?,High
I need help because There is suspicious activity on my account Can you check this?,High
I am facing an issue where Where can I see my order status? What should I do?,Medium
"I would like to know, I want to update my phone number Please help.",Low
Can you help me? Why is my delivery taking so long? Please help me with this issue.,Medium
I am facing an issue where My account is completely locked Can you help me?,High
Can someone help me? I believe my account has been hacked Can you check this?,High
"I would like to know, I see an unauthorized transaction Please check this for me.",High
My delivery date has passed Can you resolve this?,Medium
"I would like to know, My order is taking longer than expected I need assistance.",Medium
Could you please help? Where can I change my account information? Please check this for me.,Low
I need assistance because There is suspicious activity on my account Can you resolve this?,High
Can you help me? I think someone has hacked my account Can you resolve this?,High
I am having a problem because I want to modify my profile Can you resolve this?,Low
Could you please help? My account is completely locked Please help me with this issue.,High
I need assistance because The tracking information has not updated,Medium
"Please help me, Can I update my account details? Can you check this?",Low
I am facing an issue where When will my order arrive? Can you resolve this?,Medium
Can someone help me? I want to change my account settings Please look into this.,Low
Where can I update my phone number? Please look into this.,Low
Can someone help me? Can I change my notification settings? I need assistance.,Low
I need help because I see an unauthorized transaction Can you resolve this?,High
Can you help me? How can I update my profile? Can you help me?,Low
Can someone help me? My shipment has been delayed Please help.,Medium
I need help because I cannot access my account after suspicious activity Please check this for me.,High
I need assistance because My account is completely locked,High
My account has been compromised Please help me with this issue.,High
I need help because Can I change my notification settings? Please help me with this issue.,Low
Can someone help me? I want to update my phone number What should I do?,Low
Can someone help me? How can I update my communication preferences? I need assistance.,Low
Can someone help me? There is an unauthorized payment on my account Please help me with this issue.,High
I need assistance because Someone has accessed my account without my permission I need assistance.,High
I need help because I see an unauthorized transaction What should I do?,High
"Please help me, My account has been compromised Can you help me?",High
My account has been compromised I need assistance.,High
"I would like to know, My order is delayed Please look into this.",Medium
Could you please help? The tracking information has not updated Please check this for me.,Medium
Can you help me? My package is stuck in transit What should I do?,Medium
I am facing an issue where Can you tell me where my package is? Please help me with this issue.,Medium
I am having a problem because My order is delayed I need assistance.,Medium
I am facing an issue where How can I edit my account information? Please help me with this issue.,Low
I need help because When will my order arrive? Please help.,Medium
"I would like to know, I believe my account has been hacked Please help.",High
I am facing an issue where How can I update my communication preferences? Please help me with this issue.,Low
Can you help me? I cannot access my account after suspicious activity,High
Can someone help me? When will my order arrive? Please check this for me.,Medium
Can someone help me? My delivery is late I need assistance.,Medium
Could you please help? I noticed a payment that I did not make Can you check this?,High
"I would like to know, I think someone has hacked my account Can you resolve this?",High
"I would like to know, My order has not arrived yet Can you check this?",Medium
"Please help me, Where can I change my account information? Can you help me?",Low
"Please help me, I was charged twice for the same order Can you check this?",High
I am facing an issue where Someone made a purchase using my account Can you check this?,High
I am facing an issue where How do I change my username? I need assistance.,Low
Could you please help? Where is my package? Can you help me?,Medium
My card was charged but I did not make this purchase,High
Can you tell me where my package is? Please look into this.,Medium
I am having a problem because I want to update my profile information Can you help me?,Low
How can I update my profile? Please check this for me.,Low
I am facing an issue where How can I change my email address? Please look into this.,Low
"Please help me, Where is my package? Please check this for me.",Medium
"I would like to know, I found an unknown transaction on my account Can you help me?",High
I need help because When will my package be delivered? Can you resolve this?,Medium
I need help because I cannot access my account after suspicious activity Can you resolve this?,High
My shipment has been delayed Can you resolve this?,Medium
I need assistance because Can I change the address on my account? Can you help me?,Low
I am facing an issue where How do I change my delivery address? Can you help me?,Low
Can you help me? I noticed a payment that I did not make,High
My package is stuck in transit Please help me with this issue.,Medium
Can you help me? I want to update my phone number Please help me with this issue.,Low
I am facing an issue where Where can I update my phone number? Please help.,Low
My order is taking longer than expected What should I do?,Medium
Could you please help? Someone has accessed my account without my permission,High
Can someone help me? My delivery is late Please help me with this issue.,Medium
I need assistance because I want to update my phone number What should I do?,Low
I need help because My package has not arrived yet Please check this for me.,Medium
"I would like to know, Can you tell me where my package is? Can you resolve this?",Medium
My order is delayed Please look into this.,Medium
"I would like to know, My package is still in transit Please check this for me.",Medium
I need help because My order has not arrived yet What should I do?,Medium
I need assistance because How do I change my delivery address? I need assistance.,Low
Can you help me? Someone used my account without permission Please help me with this issue.,High
Could you please help? How can I update my communication preferences? What should I do?,Low
I need help because My shipment has been delayed Please check this for me.,Medium
I am having a problem because Can I change the address on my account? Please help.,Low
I need help because I want to update my profile information Please help me with this issue.,Low
I am having a problem because Where can I change my account information? Please check this for me.,Low
"Please help me, Can you tell me where my package is? Please look into this.",Medium
I am having a problem because I believe my account has been hacked Can you help me?,High
I need assistance because My package is still in transit What should I do?,Medium
I need help because Someone accessed my account Please help.,High
Could you please help? My package has not arrived yet I need assistance.,Medium
I am facing an issue where I was charged twice for the same order Please help me with this issue.,High
I need assistance because When will my order arrive? Please help me with this issue.,Medium
Can you help me? The tracking status has not changed I need assistance.,Medium
There is suspicious activity on my account Please look into this.,High
Could you please help? How can I edit my account information?,Low
"Please help me, There is suspicious activity on my account Please look into this.",High
I need help because How do I change my account name?,Low
Can you help me? Where can I update my phone number? Can you check this?,Low
Can someone help me? Can I change the address on my account? Please check this for me.,Low
Could you please help? My package is still in transit Please help.,Medium
"I would like to know, When will my package be delivered? Can you check this?",Medium
My card was charged for a purchase I did not make Can you help me?,High
Could you please help? Can I update my personal information? Please check this for me.,Low
Can you help me? My package has not arrived yet I need assistance.,Medium
I am having a problem because How do I change my delivery address? Please look into this.,Low
Can you help me? Where can I change my account information? Please look into this.,Low
Could you please help? The tracking status has not changed Can you help me?,Medium
Could you please help? My delivery is late Please help.,Medium
"I would like to know, The courier has not delivered my order Please check this for me.",Medium
"Please help me, My delivery is late Please help me with this issue.",Medium
"I would like to know, My money was taken without authorization Can you help me?",High
"Please help me, My order is taking longer than expected Can you help me?",Medium
I need assistance because I noticed a payment that I did not make I need assistance.,High
"I would like to know, I want to update my phone number Please help me with this issue.",Low
Can someone help me? How can I change my email address? Please help me with this issue.,Low
Can you help me? I want to modify my profile Can you resolve this?,Low
I am facing an issue where How can I change my account details? Please help me with this issue.,Low
I need help because My card was charged for a purchase I did not make Please check this for me.,High
I need help because When will my order arrive? I need assistance.,Medium
"Please help me, I think someone has hacked my account Please help me with this issue.",High
How do I update my preferences? Can you check this?,Low
Can you help me? Can you tell me where my package is? Can you help me?,Medium
"Please help me, The tracking information has not updated Please check this for me.",Medium
I need help because Where can I see my order status? Please help.,Medium
Can someone help me? I noticed a payment that I did not make Can you resolve this?,High
I need help because My payment was deducted but the order failed Please check this for me.,High
I am facing an issue where Someone accessed my account Please check this for me.,High
"I would like to know, I want to update my profile information",Low
I need assistance because My package is stuck in transit Please check this for me.,Medium
I am facing an issue where My delivery is late,Medium
Can I change the address on my account? Please help.,Low
I am having a problem because I need help updating my profile Please look into this.,Low
The delivery is two days late What should I do?,Medium
Can you help me? Where can I see my order status? What should I do?,Medium
I am facing an issue where How can I update my communication preferences? Can you resolve this?,Low
I need assistance because Someone accessed my account Please help me with this issue.,High
Can someone help me? The courier has not delivered my order Please look into this.,Medium
Can you help me? When will my package be delivered?,Medium
Can someone help me? My order is taking longer than expected Please help.,Medium
I think someone has hacked my account Please check this for me.,High
I am having a problem because Someone accessed my account,High
I am facing an issue where My order is taking longer than expected What should I do?,Medium
I need help because Why is my delivery taking so long? Please look into this.,Medium
Can you help me? I believe my account has been hacked I need assistance.,High
"Please help me, The tracking information has not updated",Medium
"I would like to know, There is an unauthorized payment on my account Can you help me?",High
I am facing an issue where Someone made a purchase using my account Please help me with this issue.,High
Can someone help me? My account has been compromised Can you check this?,High
"I would like to know, How can I change my account details? Please look into this.",Low
Could you please help? Where can I update my phone number? Please check this for me.,Low
Can you tell me where my package is? Can you check this?,Medium
Can someone help me? I want to update my profile information Please help.,Low
Can someone help me? How can I change my email address? What should I do?,Low
I need assistance because I want to update my phone number Please help.,Low
Could you please help? My account has been compromised Can you help me?,High
"I would like to know, My order is taking longer than expected What should I do?",Medium
"I would like to know, There is suspicious activity on my account Please help me with this issue.",High
I want to update my phone number What should I do?,Low
"Please help me, I think someone has hacked my account",High
I am having a problem because Can I change the address on my account?,Low
Can someone help me? Someone has accessed my account without my permission Can you help me?,High
Could you please help? I cannot access my account after suspicious activity Please help.,High
"I would like to know, Can you tell me where my package is? I need assistance.",Medium
I am having a problem because When will my package be delivered? Please help.,Medium
Can someone help me? When will my order arrive? What should I do?,Medium
Can you help me? My package is still in transit Please check this for me.,Medium
Could you please help? My shipment has been delayed Please check this for me.,Medium
Can you help me? My delivery date has passed I need assistance.,Medium
Can you help me? I want to update my profile information I need assistance.,Low
I need help because Can I change the address on my account? Please help me with this issue.,Low
I am having a problem because How do I change my username? I need assistance.,Low
Can someone help me? Can I update my personal information? Please help.,Low
Could you please help? Where can I update my phone number? Please help.,Low
"Please help me, How do I change my account name? Please help me with this issue.",Low
Can someone help me? How can I change my email address?,Low
I need help because My shipment has been delayed Can you check this?,Medium
Can someone help me? Can you tell me where my package is? I need assistance.,Medium
Can you help me? How do I change my username? Please help me with this issue.,Low
The tracking information has not updated Please check this for me.,Medium
I need help because Where can I change my account information? Please help me with this issue.,Low
"Please help me, Someone has accessed my account without my permission Please help me with this issue.",High
When will my order arrive? Please help me with this issue.,Medium
I need assistance because My delivery date has passed Can you check this?,Medium
"I would like to know, My money was taken without authorization Please check this for me.",High
Can you help me? I believe my account has been hacked Can you help me?,High
"I would like to know, My order is delayed Please help.",Medium
I am facing an issue where My package is still in transit Please check this for me.,Medium
Can you help me? There is a fraudulent transaction on my account Please help me with this issue.,High
I am facing an issue where My delivery date has passed,Medium
Can I change my notification settings? Can you check this?,Low
I am facing an issue where My card was charged but I did not make this purchase Can you help me?,High
Can you help me? I believe my account has been hacked Please help me with this issue.,High
There is a fraudulent transaction on my account,High
Could you please help? I am still waiting for my delivery Can you resolve this?,Medium
Can you help me? I want to modify my profile Please look into this.,Low
Can someone help me? How can I edit my account information?,Low
My delivery is late Please check this for me.,Medium
Can someone help me? My order is taking longer than expected Can you resolve this?,Medium
Where can I change my account information? What should I do?,Low
Could you please help? My shipment has been delayed I need assistance.,Medium
Can you help me? How can I change my account details? Can you help me?,Low
I need help because The tracking status has not changed What should I do?,Medium
I need assistance because My package has not arrived yet Please look into this.,Medium
Can someone help me? Where can I update my phone number? Can you resolve this?,Low
I am facing an issue where My card was charged for a purchase I did not make Can you help me?,High
I am having a problem because How can I change my account details? Please help.,Low
Can someone help me? I found an unknown transaction on my account Can you check this?,High
"I would like to know, How can I change my account details? Can you help me?",Low
"Please help me, My order is delayed Please help.",Medium
How do I change my username? Please help.,Low
"Please help me, My package is still in transit Can you help me?",Medium
Can someone help me? My card was charged but I did not make this purchase,High
I need assistance because Someone accessed my account Can you check this?,High
I am having a problem because The courier has not delivered my order,Medium
I need assistance because I want to modify my profile Can you check this?,Low
"Please help me, Can I update my personal information? Can you resolve this?",Low
"Please help me, My money was taken without authorization Please check this for me.",High
I need help because Where can I change my account information? Please look into this.,Low
"I would like to know, My card was charged but I did not make this purchase What should I do?",High
I am having a problem because Where can I see my order status? Please look into this.,Medium
Can someone help me? How do I change my username? Please look into this.,Low
I need assistance because I need help updating my profile What should I do?,Low
I need assistance because How do I change my username?,Low
Could you please help? Can I change my notification settings? I need assistance.,Low
I am having a problem because Where can I change my account information? Please look into this.,Low
"I would like to know, How can I edit my account information? Please help me with this issue.",Low
"I would like to know, How do I change my account name? Please help.",Low
Could you please help? Where is my package? Please help me with this issue.,Medium
Can you help me? My package is still in transit Please help me with this issue.,Medium
I need assistance because When will my package be delivered? I need assistance.,Medium
Can someone help me? How can I edit my account information? I need assistance.,Low
I need assistance because How do I change my username? Please help.,Low
Could you please help? I want to update my profile information I need assistance.,Low
I am facing an issue where There is a fraudulent transaction on my account Please look into this.,High
I am having a problem because I found an unknown transaction on my account Can you resolve this?,High
I am facing an issue where My account has been compromised Please check this for me.,High
I am facing an issue where How can I change my email address? Please check this for me.,Low
Can you help me? My payment was deducted but the order failed Can you check this?,High
I am having a problem because I found an unknown transaction on my account Can you check this?,High
I am having a problem because My package is stuck in transit Please look into this.,Medium
"Please help me, How do I update my preferences? Please help me with this issue.",Low
I need assistance because How do I change my username? Can you resolve this?,Low
"I would like to know, Can I update my personal information? Can you resolve this?",Low
I am facing an issue where How can I change my account details? Please look into this.,Low
"Please help me, I was charged twice for the same order",High
Could you please help? Can you tell me where my package is? Please help me with this issue.,Medium
I am facing an issue where How do I change my account name? What should I do?,Low
"Please help me, I found an unknown transaction on my account",High
Could you please help? My account has been compromised I need assistance.,High
"I would like to know, How can I change my account details? Please check this for me.",Low
I need assistance because How can I edit my account information? Can you help me?,Low
"Please help me, Where is my package? What should I do?",Medium
I am facing an issue where I see an unauthorized transaction Please help.,High
"Please help me, How do I change my account name? Please help.",Low
"Please help me, Where can I change my account information? I need assistance.",Low
Can someone help me? My order has not arrived yet I need assistance.,Medium
I am having a problem because My shipment has been delayed Please help.,Medium
I am having a problem because Why is my delivery taking so long? Please look into this.,Medium
Someone used my account without permission Please look into this.,High
I am having a problem because My package has not arrived yet,Medium
"I would like to know, Someone has accessed my account without my permission Please look into this.",High
I am having a problem because How can I update my communication preferences? Please help.,Low
Can you help me? How do I change my account name? Can you check this?,Low
Can someone help me? The courier has not delivered my order I need assistance.,Medium
Can someone help me? I need help updating my profile Please help.,Low
I need assistance because How can I change my account details? What should I do?,Low
I am having a problem because The courier has not delivered my order I need assistance.,Medium
I am having a problem because When will my package be delivered? Can you resolve this?,Medium
I need assistance because My order has not arrived yet What should I do?,Medium
Could you please help? My money was taken without authorization Can you check this?,High
"Please help me, How can I change my account details? Can you check this?",Low
"I would like to know, My package has not arrived yet Can you resolve this?",Medium
Can someone help me? My shipment has been delayed Please check this for me.,Medium
I need help because I believe my account has been hacked I need assistance.,High
Could you please help? When will my package be delivered? Can you check this?,Medium
I am having a problem because I think someone has hacked my account Please help me with this issue.,High
I am facing an issue where I found an unknown transaction on my account I need assistance.,High
I need assistance because Why is my delivery taking so long? Can you check this?,Medium
Could you please help? I see an unauthorized transaction Please check this for me.,High
I am facing an issue where Can I change the address on my account? Can you resolve this?,Low
I am having a problem because My delivery date has passed Can you help me?,Medium
Can someone help me? I was charged twice for the same order Can you help me?,High
Could you please help? My delivery is late Can you help me?,Medium
I am having a problem because The tracking information has not updated Can you resolve this?,Medium
Could you please help? My package has not arrived yet Can you check this?,Medium
I need assistance because Can I update my account details? Please help.,Low
Can you help me? I want to update my profile information What should I do?,Low
I am facing an issue where Where can I see my order status? I need assistance.,Medium
I am having a problem because My account is completely locked,High
Can you help me? I need help updating my profile Please help me with this issue.,Low
"Please help me, How can I change my email address? Please look into this.",Low
Could you please help? My money was taken without authorization Please help.,High
"I would like to know, Can I change my notification settings? Please look into this.",Low
Could you please help? I believe my account has been hacked Please check this for me.,High
Can you help me? Where can I update my phone number? I need assistance.,Low
"Please help me, I see an unauthorized transaction What should I do?",High
Can you help me? How can I update my communication preferences? Please look into this.,Low
Can someone help me? Someone accessed my account Please help me with this issue.,High
I am having a problem because Someone made a purchase using my account Can you help me?,High
I need help because How can I change my email address? Can you resolve this?,Low
Can someone help me? Where can I see my order status? Can you resolve this?,Medium
Can someone help me? My delivery date has passed Please help me with this issue.,Medium
I am facing an issue where I want to change my account settings What should I do?,Low
"Please help me, My shipment has been delayed I need assistance.",Medium
I need help because How do I change my account name? What should I do?,Low
Could you please help? I found an unknown transaction on my account Please help.,High
"I would like to know, My account has been compromised What should I do?",High
Can someone help me? The courier has not delivered my order Can you help me?,Medium
Can you tell me where my package is? Can you help me?,Medium
Can you help me? How can I edit my account information? Can you resolve this?,Low
I am having a problem because My card was charged but I did not make this purchase Please look into this.,High
I need help because When will my package be delivered? Please help.,Medium
Could you please help? There is suspicious activity on my account Please help.,High
I am facing an issue where My package is stuck in transit Please look into this.,Medium
"Please help me, Someone accessed my account",High
I am having a problem because The courier has not delivered my order Can you check this?,Medium
Can someone help me? When will my order arrive? Please help.,Medium
Can someone help me? Can I update my personal information? Please help me with this issue.,Low
I am having a problem because I found an unknown transaction on my account What should I do?,High
Can someone help me? I am still waiting for my delivery What should I do?,Medium
My package is still in transit Can you resolve this?,Medium
I need assistance because I cannot access my account after suspicious activity Please look into this.,High
I need help because My delivery is late Can you resolve this?,Medium
"Please help me, Where is my package? Please look into this.",Medium
I need assistance because Someone made a purchase using my account Please check this for me.,High
Could you please help? I want to modify my profile What should I do?,Low
Can someone help me? Why is my delivery taking so long? Please check this for me.,Medium
Can you help me? Why is my delivery taking so long? Please check this for me.,Medium
How do I update my preferences? Please look into this.,Low
Can you help me? My order is taking longer than expected What should I do?,Medium
I am facing an issue where The tracking information has not updated Can you help me?,Medium
Could you please help? How can I change my account details? What should I do?,Low
Could you please help? My card was charged for a purchase I did not make I need assistance.,High
I need assistance because I found an unknown transaction on my account Can you help me?,High
Can you help me? How do I change my delivery address? Please help me with this issue.,Low
"Please help me, My account has been compromised Please check this for me.",High
Could you please help? Can I change the address on my account? Please check this for me.,Low
Could you please help? I noticed a payment that I did not make Please check this for me.,High
"Please help me, Where can I see my order status? I need assistance.",Medium
I am facing an issue where How do I update my preferences? Please help.,Low
I need help because The tracking status has not changed,Medium
"I would like to know, My account has been compromised Please help me with this issue.",High
I need help because Someone made a purchase using my account Please help me with this issue.,High
"Please help me, I believe my account has been hacked What should I do?",High
I need assistance because My account has been compromised Please check this for me.,High
Can someone help me? I need help updating my profile Please check this for me.,Low
"Please help me, When will my package be delivered? I need assistance.",Medium
"Please help me, Someone accessed my account What should I do?",High
"Please help me, My card was charged for a purchase I did not make Can you check this?",High
Can someone help me? Can I change my notification settings? Can you resolve this?,Low
Can someone help me? I was charged twice for the same order Please check this for me.,High
Could you please help? I think someone has hacked my account What should I do?,High
"Please help me, How can I update my profile? Please help me with this issue.",Low
I am having a problem because Where can I change my account information? I need assistance.,Low
Can someone help me? Can you tell me where my package is? Can you resolve this?,Medium
"I would like to know, My package has not arrived yet What should I do?",Medium
I need assistance because My order is taking longer than expected Please check this for me.,Medium
I am facing an issue where The courier has not delivered my order Please help me with this issue.,Medium
I am having a problem because I noticed a payment that I did not make Please help me with this issue.,High
I am having a problem because My order is delayed Please check this for me.,Medium
I need help because Where can I update my phone number? What should I do?,Low
I am facing an issue where I was charged twice for the same order Can you check this?,High
I need assistance because How do I change my delivery address? Please help me with this issue.,Low
I am having a problem because I need help updating my profile Please check this for me.,Low
"Please help me, When will my order arrive? Can you check this?",Medium
Could you please help? I believe my account has been hacked Can you resolve this?,High
Can you help me? I cannot access my account after suspicious activity Please check this for me.,High
I need help because Where can I change my account information? Please help.,Low
I am facing an issue where Can I update my account details? Can you check this?,Low
"I would like to know, Where can I change my account information? Can you check this?",Low
Could you please help? My delivery date has passed I need assistance.,Medium
Can you help me? When will my package be delivered? Please look into this.,Medium
"Please help me, My card was charged for a purchase I did not make Please help.",High
Could you please help? I need help updating my profile Please help me with this issue.,Low
"I would like to know, My card was charged for a purchase I did not make Please check this for me.",High
I need assistance because How can I change my account details? Can you help me?,Low
I need assistance because My package has not arrived yet Please help.,Medium
My payment was deducted but the order failed Please help me with this issue.,High
I was charged twice for the same order Please help.,High
I need help because I noticed a payment that I did not make I need assistance.,High
"Please help me, Where can I update my phone number? Please help me with this issue.",Low
I need help because Can I change my notification settings? Can you help me?,Low
I want to modify my profile Please help.,Low
"Please help me, I noticed a payment that I did not make",High
"I would like to know, When will my package be delivered?",Medium
I need assistance because The tracking status has not changed Please help me with this issue.,Medium
Can someone help me? When will my package be delivered? Can you help me?,Medium
I need help because How do I change my username? What should I do?,Low
I need assistance because Someone used my account without permission Please help me with this issue.,High
I am having a problem because Where can I update my phone number? Please help me with this issue.,Low
Can you help me? Where can I see my order status? Can you help me?,Medium
"I would like to know, Someone accessed my account Can you check this?",High
Can someone help me? My order has not arrived yet Please help me with this issue.,Medium
How can I change my email address? I need assistance.,Low
I am having a problem because How can I edit my account information? Please help me with this issue.,Low
Can you help me? Can I update my account details? Please look into this.,Low
Could you please help? Where is my package? I need assistance.,Medium
Can you help me? How do I change my delivery address? Please help.,Low
How can I update my profile? Please help.,Low
I see an unauthorized transaction Can you check this?,High
I am having a problem because My payment was deducted but the order failed I need assistance.,High
"Please help me, Can I update my account details? Can you resolve this?",Low
My payment was deducted but the order failed Can you help me?,High
Could you please help? My package has not arrived yet Can you help me?,Medium
Can you help me? How can I change my account details? Please help me with this issue.,Low
I need help because How do I update my preferences? Please check this for me.,Low
I am facing an issue where I think someone has hacked my account Can you help me?,High
I am having a problem because I need help updating my profile What should I do?,Low
I need help because How can I update my profile? Please help.,Low
Can I change the address on my account? I need assistance.,Low
Where is my package? I need assistance.,Medium
Can someone help me? How do I update my preferences? Please help me with this issue.,Low
"I would like to know, Someone accessed my account What should I do?",High
I found an unknown transaction on my account Please check this for me.,High
I need assistance because My order is delayed I need assistance.,Medium
I need assistance because Someone has accessed my account without my permission Please help.,High
I am facing an issue where How do I change my account name? Can you help me?,Low
I need help because My shipment has been delayed Can you help me?,Medium
"I would like to know, Where can I change my account information? What should I do?",Low
"I would like to know, My order is taking longer than expected Can you help me?",Medium
Can someone help me? My payment was deducted but the order failed Please help me with this issue.,High
I am having a problem because The tracking information has not updated Can you help me?,Medium
"Please help me, I need help updating my profile I need assistance.",Low
I need assistance because My order is delayed Please look into this.,Medium
Can you help me? Where can I change my account information? Please help.,Low
Someone accessed my account Please help.,High
"Please help me, My package has not arrived yet Can you help me?",Medium
The tracking information has not updated Please help.,Medium
Can you help me? When will my package be delivered? I need assistance.,Medium
I am facing an issue where The tracking information has not updated What should I do?,Medium
Can you help me? Can I change my notification settings? Please help.,Low
I am having a problem because My card was charged for a purchase I did not make,High
"Please help me, I want to change my account settings Please check this for me.",Low
I am facing an issue where Can I change the address on my account? Can you help me?,Low
I need assistance because Where can I update my phone number? Can you help me?,Low
I need assistance because My order is taking longer than expected Please look into this.,Medium
"Please help me, I want to update my profile information Can you help me?",Low
"Please help me, I want to update my phone number Can you check this?",Low
Can you help me? My shipment has been delayed Can you resolve this?,Medium
Can someone help me? My delivery date has passed I need assistance.,Medium
I need assistance because My card was charged but I did not make this purchase I need assistance.,High
Can someone help me? How do I change my account name? What should I do?,Low
My delivery is late Please help.,Medium
I need assistance because My package is still in transit Please check this for me.,Medium
I need help because Where can I update my phone number? Can you help me?,Low
I need assistance because I noticed a payment that I did not make Please check this for me.,High
I am having a problem because I want to update my phone number Please help.,Low
I need assistance because How can I change my email address? Please look into this.,Low
I need help because The delivery is two days late Please look into this.,Medium
My package is still in transit What should I do?,Medium
I need help because My payment was deducted but the order failed What should I do?,High
I am having a problem because I want to change my account settings Can you resolve this?,Low
I need assistance because My order is taking longer than expected What should I do?,Medium
"I would like to know, My order has not arrived yet Please look into this.",Medium
I am facing an issue where My money was taken without authorization What should I do?,High
I am facing an issue where I want to update my phone number Please check this for me.,Low
How can I update my profile?,Low
Could you please help? Where can I change my account information? Please help me with this issue.,Low
Could you please help? I am still waiting for my delivery Please help.,Medium
I need assistance because Can I change my notification settings? Can you check this?,Low
I need assistance because How do I update my preferences? Can you resolve this?,Low
Can you help me? I want to update my profile information Please help me with this issue.,Low
Could you please help? My delivery is late Please check this for me.,Medium
Could you please help? I want to update my profile information What should I do?,Low
"Please help me, How do I change my delivery address?",Low
Could you please help? I cannot access my account after suspicious activity Please help me with this issue.,High
I need assistance because My payment was deducted but the order failed Please look into this.,High
Can someone help me? My package is stuck in transit Can you resolve this?,Medium
I need help because When will my package be delivered?,Medium
I am having a problem because How can I update my communication preferences? Please help me with this issue.,Low
I am facing an issue where Someone used my account without permission Please check this for me.,High
How can I edit my account information? Can you check this?,Low
I need help because I believe my account has been hacked Please check this for me.,High
"Please help me, Where is my package?",Medium
I am facing an issue where Someone accessed my account Please help.,High
I need assistance because My account is completely locked What should I do?,High
I am facing an issue where I need help updating my profile Please check this for me.,Low
Can you help me? Can I change my notification settings? Can you check this?,Low
I need help because The tracking status has not changed Please check this for me.,Medium
Can someone help me? My card was charged but I did not make this purchase Please help me with this issue.,High
Can someone help me? Someone used my account without permission,High
I need assistance because My shipment has been delayed Please help.,Medium
I need help because How can I update my communication preferences? What should I do?,Low
"Please help me, The delivery is two days late",Medium
Can someone help me? How can I edit my account information? What should I do?,Low
I need help because My order is taking longer than expected I need assistance.,Medium
I am facing an issue where My package has not arrived yet,Medium
Can someone help me? My account has been compromised Please look into this.,High
My delivery date has passed Can you check this?,Medium
"Please help me, How do I change my delivery address? Please help me with this issue.",Low
I need help because Where is my package? Can you help me?,Medium
I need assistance because My package has not arrived yet I need assistance.,Medium
Can someone help me? How can I change my email address? Please look into this.,Low
"I would like to know, How do I change my delivery address? What should I do?",Low
I need help because There is suspicious activity on my account Please help.,High
I am facing an issue where My order is delayed I need assistance.,Medium
I need assistance because I see an unauthorized transaction Please help me with this issue.,High
Could you please help? My card was charged but I did not make this purchase Please help me with this issue.,High
"I would like to know, My account has been compromised",High
I need help because My package is stuck in transit Can you resolve this?,Medium
"I would like to know, Where can I change my account information? Can you resolve this?",Low
I am having a problem because How do I change my delivery address? Please help.,Low
"I would like to know, How can I change my email address? Can you help me?",Low
I am having a problem because I am still waiting for my delivery,Medium
"I would like to know, I noticed a payment that I did not make What should I do?",High
I need help because There is a fraudulent transaction on my account Can you resolve this?,High
Can you help me? Can you tell me where my package is? What should I do?,Medium
"Please help me, My order is delayed Please help me with this issue.",Medium
Could you please help? How do I change my delivery address? Can you resolve this?,Low
"Please help me, I am still waiting for my delivery Can you help me?",Medium
I found an unknown transaction on my account Please help.,High
Can someone help me? I want to update my profile information Can you check this?,Low
I am having a problem because I see an unauthorized transaction What should I do?,High
I need assistance because My package is still in transit Please help me with this issue.,Medium
"Please help me, Someone accessed my account Please check this for me.",High
My package has not arrived yet I need assistance.,Medium
I cannot access my account after suspicious activity What should I do?,High
I am facing an issue where Where can I see my order status? Please check this for me.,Medium
I need help because I cannot access my account after suspicious activity Can you help me?,High
Can you help me? I am still waiting for my delivery I need assistance.,Medium
I am having a problem because Can I update my personal information? I need assistance.,Low
I want to change my account settings,Low
"I would like to know, There is an unauthorized payment on my account",High
Could you please help? Can I change the address on my account?,Low
I am facing an issue where Can I update my account details? Please help me with this issue.,Low
I need help because How can I change my account details? Please check this for me.,Low
Can you help me? How can I change my account details? Can you check this?,Low
I need assistance because Why is my delivery taking so long? Please help me with this issue.,Medium
I need help because I found an unknown transaction on my account What should I do?,High
Can you help me? Someone made a purchase using my account Please help me with this issue.,High
How do I update my preferences?,Low
I need help because Someone has accessed my account without my permission Can you check this?,High
I am having a problem because I noticed a payment that I did not make Please look into this.,High
Could you please help? Where is my package?,Medium
"I would like to know, The courier has not delivered my order Please help.",Medium
Can you help me? I want to modify my profile I need assistance.,Low
I am facing an issue where Someone accessed my account Can you resolve this?,High
Can you help me? I was charged twice for the same order Please look into this.,High
"I would like to know, My order has not arrived yet Please help me with this issue.",Medium
I am having a problem because My shipment has been delayed Can you help me?,Medium
I need help because I found an unknown transaction on my account,High
Could you please help? How can I change my account details? Can you help me?,Low
I am facing an issue where The courier has not delivered my order,Medium
I need assistance because My delivery date has passed Please look into this.,Medium
I am facing an issue where Why is my delivery taking so long? Please help me with this issue.,Medium
I need help because My payment was deducted but the order failed Please help me with this issue.,High
Can you help me? My money was taken without authorization I need assistance.,High
"I would like to know, My delivery is late Please help.",Medium
"I would like to know, The delivery is two days late Can you help me?",Medium
Can you help me? Someone used my account without permission Can you help me?,High
I am facing an issue where My order has not arrived yet Please look into this.,Medium
I need help because My package is still in transit Can you check this?,Medium
Can you help me? My delivery date has passed Please help.,Medium
Could you please help? I want to change my account settings Please look into this.,Low
I need assistance because How do I change my username? I need assistance.,Low
Can someone help me? The delivery is two days late Can you check this?,Medium
Could you please help? Why is my delivery taking so long? Please look into this.,Medium
I need assistance because The tracking information has not updated Can you help me?,Medium
I am facing an issue where How can I change my email address? Can you help me?,Low
"I would like to know, My payment was deducted but the order failed Please check this for me.",High
I am having a problem because Can you tell me where my package is?,Medium
I need help because My package has not arrived yet Please help me with this issue.,Medium
I see an unauthorized transaction Please look into this.,High
"Please help me, How can I change my email address? What should I do?",Low
Could you please help? My card was charged for a purchase I did not make Can you resolve this?,High
I think someone has hacked my account Can you resolve this?,High
Can someone help me? How can I change my email address? Can you check this?,Low
I need help because I think someone has hacked my account Can you help me?,High
Can you help me? I need help updating my profile Can you resolve this?,Low
I am having a problem because Someone accessed my account Can you check this?,High
"Please help me, Someone used my account without permission Can you check this?",High
I need assistance because My package is stuck in transit What should I do?,Medium
Can someone help me? My account has been compromised Please check this for me.,High
I need assistance because Can I update my account details? Please look into this.,Low
Can you help me? I see an unauthorized transaction Can you resolve this?,High
Could you please help? I want to update my profile information Can you help me?,Low
"I would like to know, Where can I change my account information? Can you help me?",Low
My order is taking longer than expected Please help.,Medium
Can someone help me? Can I update my personal information? Can you help me?,Low
Could you please help? When will my order arrive? What should I do?,Medium
My delivery date has passed I need assistance.,Medium
Can someone help me? There is an unauthorized payment on my account Please help.,High
I need help because How do I update my preferences? I need assistance.,Low
I need help because The tracking status has not changed I need assistance.,Medium
I need help because I am still waiting for my delivery Can you check this?,Medium
"Please help me, Where can I change my account information? Can you check this?",Low
I need assistance because When will my order arrive? Please help.,Medium
I am facing an issue where Can I change the address on my account? Please help.,Low
"I would like to know, When will my package be delivered? I need assistance.",Medium
"Please help me, The courier has not delivered my order Please look into this.",Medium
"I would like to know, When will my package be delivered? Please check this for me.",Medium
How can I update my profile? I need assistance.,Low
I need assistance because My package is still in transit I need assistance.,Medium
"Please help me, My order is taking longer than expected Please look into this.",Medium
"Please help me, Someone used my account without permission",High
Can you help me? Can I update my account details? Please help.,Low
Can you help me? I noticed a payment that I did not make Can you resolve this?,High
I need assistance because When will my order arrive? Can you check this?,Medium
"Please help me, Can I change my notification settings? Can you resolve this?",Low
Can you help me? The courier has not delivered my order Can you help me?,Medium
"I would like to know, Where is my package? Can you check this?",Medium
I need help because My order is delayed Please help me with this issue.,Medium
I am having a problem because My delivery is late What should I do?,Medium
Could you please help? I think someone has hacked my account Please help me with this issue.,High
I am having a problem because Where can I update my phone number? Please check this for me.,Low
I am having a problem because I want to update my phone number Please check this for me.,Low
I am having a problem because My order is taking longer than expected Can you resolve this?,Medium
The delivery is two days late I need assistance.,Medium
Can you help me? There is a fraudulent transaction on my account What should I do?,High
I need help because How can I change my account details? What should I do?,Low
Can someone help me? I cannot access my account after suspicious activity What should I do?,High
I am having a problem because My shipment has been delayed What should I do?,Medium
"Please help me, My account is completely locked What should I do?",High
I am having a problem because The delivery is two days late Can you resolve this?,Medium
Can someone help me? I need help updating my profile Can you help me?,Low
"I would like to know, Can I change the address on my account? Please check this for me.",Low
I am having a problem because I need help updating my profile Please help.,Low
Can someone help me? I see an unauthorized transaction Please check this for me.,High
I am facing an issue where There is an unauthorized payment on my account Please look into this.,High
I am facing an issue where My account has been compromised Please help.,High
"Please help me, My package is still in transit Please help.",Medium
"Please help me, Someone used my account without permission Please help.",High
I need assistance because Where can I update my phone number? Can you resolve this?,Low
Can someone help me? I believe my account has been hacked I need assistance.,High
Can someone help me? How do I change my account name? Please look into this.,Low
"Please help me, I see an unauthorized transaction Can you help me?",High
Can someone help me? My package is stuck in transit,Medium
I am facing an issue where The tracking status has not changed Please help.,Medium
I am facing an issue where I think someone has hacked my account Please look into this.,High
"I would like to know, My money was taken without authorization Please help me with this issue.",High
Can you help me? My account has been compromised Please look into this.,High
I am facing an issue where There is suspicious activity on my account Can you check this?,High
I need help because Can I change the address on my account? Can you help me?,Low
I need assistance because Where is my package? Can you check this?,Medium
"I would like to know, How do I change my account name? What should I do?",Low
"I would like to know, How can I update my profile? Please check this for me.",Low
I am facing an issue where There is a fraudulent transaction on my account Can you help me?,High
"Please help me, Can I change my notification settings? Can you help me?",Low
Can someone help me? Where is my package? What should I do?,Medium
I am having a problem because I found an unknown transaction on my account Please check this for me.,High
Could you please help? How can I update my communication preferences? Please help me with this issue.,Low
"Please help me, Someone has accessed my account without my permission Can you resolve this?",High
Could you please help? My account is completely locked,High
I am having a problem because I cannot access my account after suspicious activity,High
Can someone help me? My package is stuck in transit Please look into this.,Medium
Can you help me? There is an unauthorized payment on my account Please help me with this issue.,High
Can someone help me? I noticed a payment that I did not make Can you help me?,High
I am facing an issue where Can you tell me where my package is?,Medium
"I would like to know, Can I update my personal information? Please check this for me.",Low
I need help because Why is my delivery taking so long? Can you resolve this?,Medium
"I would like to know, I was charged twice for the same order Please check this for me.",High
My order is taking longer than expected Please help me with this issue.,Medium
"I would like to know, My order is taking longer than expected Please help me with this issue.",Medium
Could you please help? The courier has not delivered my order Can you check this?,Medium
Where can I change my account information? Can you help me?,Low
I need help because I believe my account has been hacked Please help me with this issue.,High
I need assistance because I am still waiting for my delivery Please check this for me.,Medium
I am having a problem because My payment was deducted but the order failed What should I do?,High
I am having a problem because My card was charged but I did not make this purchase Please help me with this issue.,High
Can you help me? How can I update my profile? I need assistance.,Low
"I would like to know, The tracking information has not updated Can you resolve this?",Medium
Can you help me? My card was charged but I did not make this purchase What should I do?,High
Could you please help? My payment was deducted but the order failed Please look into this.,High
I am facing an issue where Can I change my notification settings? What should I do?,Low
I am facing an issue where How do I change my delivery address?,Low
I need assistance because How can I update my communication preferences? I need assistance.,Low
Could you please help? My account is completely locked Can you resolve this?,High
My card was charged for a purchase I did not make,High
"I would like to know, I need help updating my profile Please look into this.",Low
I need assistance because There is suspicious activity on my account Please help me with this issue.,High
I am having a problem because I want to modify my profile Please help.,Low
Can someone help me? Where can I change my account information? I need assistance.,Low
Can you help me? Where is my package? What should I do?,Medium
Could you please help? There is an unauthorized payment on my account Please check this for me.,High
Where can I see my order status? Can you help me?,Medium
Could you please help? There is an unauthorized payment on my account Please help me with this issue.,High
Can you help me? My delivery is late I need assistance.,Medium
"Please help me, I need help updating my profile Can you help me?",Low
I am having a problem because There is an unauthorized payment on my account Please help.,High
I need help because Can I change my notification settings? Please look into this.,Low
Could you please help? I want to update my profile information Please check this for me.,Low
"Please help me, Where can I update my phone number?",Low
I need assistance because Someone has accessed my account without my permission Can you check this?,High
Can someone help me? I was charged twice for the same order Please help me with this issue.,High
I need assistance because My package has not arrived yet,Medium
I am facing an issue where Where can I see my order status? Can you resolve this?,Medium
Can someone help me? Can I change the address on my account? Can you help me?,Low
I am having a problem because Someone accessed my account Please help.,High
"Please help me, My card was charged but I did not make this purchase Please help me with this issue.",High
"I would like to know, Can I update my personal information? Please look into this.",Low
Can someone help me? Can I change the address on my account? Can you check this?,Low
Could you please help? My delivery is late Please help me with this issue.,Medium
I am facing an issue where My account is completely locked Please help.,High
Can you help me? Why is my delivery taking so long? Can you help me?,Medium
Can you help me? How do I change my username? Please look into this.,Low
Someone used my account without permission What should I do?,High
"I would like to know, Someone made a purchase using my account I need assistance.",High
I need help because When will my package be delivered? Please help me with this issue.,Medium
I am having a problem because How can I update my profile? Can you help me?,Low
I am having a problem because My order has not arrived yet Please help me with this issue.,Medium
I need help because The delivery is two days late What should I do?,Medium
How do I change my username? I need assistance.,Low
"Please help me, My package has not arrived yet Please help.",Medium
I am facing an issue where Where can I change my account information? Please check this for me.,Low
I am facing an issue where Can I update my personal information? Please check this for me.,Low
Could you please help? My account is completely locked Can you help me?,High
I want to update my phone number Please look into this.,Low
I want to update my phone number I need assistance.,Low
Could you please help? How can I change my email address? I need assistance.,Low
Could you please help? My order has not arrived yet Can you check this?,Medium
Could you please help? Can I change the address on my account? Please help me with this issue.,Low
I need help because I see an unauthorized transaction I need assistance.,High
Can you help me? My card was charged for a purchase I did not make I need assistance.,High
Can you help me? Can I update my personal information? Can you check this?,Low
I need assistance because There is a fraudulent transaction on my account Can you check this?,High
I am facing an issue where When will my package be delivered? Can you resolve this?,Medium
I need assistance because How do I change my delivery address? Please look into this.,Low
Can someone help me? My shipment has been delayed What should I do?,Medium
Can you help me? Can I change the address on my account? Can you check this?,Low
I need assistance because Can I update my personal information? Can you help me?,Low
Can someone help me? My shipment has been delayed Please look into this.,Medium
"I would like to know, I found an unknown transaction on my account Please help me with this issue.",High
Can someone help me? I am still waiting for my delivery Can you check this?,Medium
I need assistance because I was charged twice for the same order,High
Could you please help? My card was charged for a purchase I did not make Please help.,High
Can someone help me? Someone accessed my account Can you check this?,High
"Please help me, Where can I change my account information? Please help.",Low
"Please help me, My card was charged but I did not make this purchase",High
Can you help me? There is an unauthorized payment on my account Can you check this?,High
"I would like to know, I think someone has hacked my account Can you help me?",High
I need help because I see an unauthorized transaction Please check this for me.,High
Can someone help me? My delivery date has passed Can you resolve this?,Medium
"I would like to know, When will my order arrive? Can you help me?",Medium
I need help because Someone accessed my account What should I do?,High
I need assistance because Where can I see my order status? Please help.,Medium
"Please help me, Can you tell me where my package is? Please check this for me.",Medium
Can someone help me? The courier has not delivered my order Please help.,Medium
Can you help me? My account is completely locked Can you check this?,High
Can someone help me? Someone used my account without permission Please help.,High
"I would like to know, Someone made a purchase using my account Please check this for me.",High
Can someone help me? There is suspicious activity on my account Can you help me?,High
"I would like to know, My card was charged for a purchase I did not make Please look into this.",High
"I would like to know, My order is delayed Please help me with this issue.",Medium
I need assistance because My shipment has been delayed Can you help me?,Medium
Can someone help me? I think someone has hacked my account Can you help me?,High
I need assistance because Can you tell me where my package is? Please look into this.,Medium
"Please help me, When will my order arrive?",Medium
My account is completely locked Can you check this?,High
Can someone help me? Someone used my account without permission Can you resolve this?,High
I need help because There is suspicious activity on my account I need assistance.,High
I am having a problem because The delivery is two days late Please help.,Medium
I need assistance because Someone made a purchase using my account I need assistance.,High
Can you help me? I am still waiting for my delivery What should I do?,Medium
"I would like to know, My card was charged for a purchase I did not make Can you help me?",High
I need help because Can I update my account details?,Low
Can someone help me? Someone made a purchase using my account Please help.,High
I am facing an issue where My package has not arrived yet Please help me with this issue.,Medium
I am facing an issue where My account is completely locked Can you resolve this?,High
I am facing an issue where When will my order arrive?,Medium
Could you please help? I am still waiting for my delivery Please look into this.,Medium
Could you please help? The courier has not delivered my order Can you resolve this?,Medium
How can I edit my account information? Please help.,Low
Can someone help me? How can I update my profile? Please help.,Low
I need assistance because The tracking status has not changed Please help.,Medium
I need assistance because My package is stuck in transit Can you check this?,Medium
"I would like to know, How do I update my preferences? What should I do?",Low
"Please help me, My order is delayed I need assistance.",Medium
Can you help me? My card was charged but I did not make this purchase Please check this for me.,High
Can you help me? The delivery is two days late Can you check this?,Medium
Can someone help me? My package has not arrived yet Please look into this.,Medium
I am having a problem because Can you tell me where my package is? Can you resolve this?,Medium
Can you help me? My order has not arrived yet Can you check this?,Medium
Could you please help? Can I change the address on my account? Please help.,Low
Can someone help me? My delivery is late,Medium
"I would like to know, How do I change my username? Can you resolve this?",Low
"Please help me, The tracking status has not changed Can you help me?",Medium
Could you please help? I see an unauthorized transaction Can you check this?,High
Could you please help? My payment was deducted but the order failed What should I do?,High
I need assistance because Can I change the address on my account? What should I do?,Low
I need help because Can I update my personal information? Can you resolve this?,Low
"I would like to know, Someone made a purchase using my account Can you check this?",High
I am facing an issue where I was charged twice for the same order What should I do?,High
How do I update my preferences? Can you resolve this?,Low
Can you help me? Can I change my notification settings? What should I do?,Low
"Please help me, I need help updating my profile What should I do?",Low
I am having a problem because Can I change the address on my account? Can you check this?,Low
Could you please help? How do I change my account name?,Low
I am facing an issue where My shipment has been delayed,Medium
I am facing an issue where My money was taken without authorization Please help me with this issue.,High
Someone has accessed my account without my permission What should I do?,High
I am facing an issue where My delivery is late Can you resolve this?,Medium
I believe my account has been hacked Can you resolve this?,High
How do I update my preferences? Please check this for me.,Low
How can I update my profile? Please help me with this issue.,Low
My money was taken without authorization Can you check this?,High
"I would like to know, I see an unauthorized transaction What should I do?",High
Could you please help? How can I edit my account information? Please check this for me.,Low
I am facing an issue where Where can I update my phone number? Can you check this?,Low
"Please help me, I need help updating my profile Please look into this.",Low
I need assistance because My package is still in transit Can you help me?,Medium
How do I change my delivery address? Please check this for me.,Low
Can someone help me? Where is my package? Can you help me?,Medium
I need assistance because There is a fraudulent transaction on my account What should I do?,High
My delivery date has passed,Medium
Can someone help me? I want to modify my profile Can you resolve this?,Low
"I would like to know, Why is my delivery taking so long? Please check this for me.",Medium
I need assistance because I want to update my profile information Please look into this.,Low
Can you help me? My payment was deducted but the order failed Please look into this.,High
I am having a problem because I want to change my account settings Please help.,Low
I need help because I think someone has hacked my account,High
Could you please help? My package is stuck in transit What should I do?,Medium
Could you please help? My order is taking longer than expected Please check this for me.,Medium
Could you please help? How can I update my profile? Please help me with this issue.,Low
Can you help me? The tracking status has not changed Can you help me?,Medium
"Please help me, When will my order arrive? Can you resolve this?",Medium
I am having a problem because I believe my account has been hacked Please help.,High
Can you help me? My delivery is late Please help me with this issue.,Medium
"Please help me, Someone used my account without permission Please check this for me.",High
"Please help me, I believe my account has been hacked Please look into this.",High
I am facing an issue where My card was charged but I did not make this purchase,High
I need assistance because I cannot access my account after suspicious activity I need assistance.,High
I am facing an issue where Someone used my account without permission Can you resolve this?,High
Could you please help? How can I change my email address? Please check this for me.,Low
I am facing an issue where I want to modify my profile Please check this for me.,Low
Could you please help? Why is my delivery taking so long? What should I do?,Medium
I need assistance because My delivery date has passed Please check this for me.,Medium
I need assistance because I see an unauthorized transaction,High
Can you help me? My payment was deducted but the order failed What should I do?,High
Can you help me? I want to change my account settings,Low
Can you help me? I found an unknown transaction on my account Can you help me?,High
I need assistance because I am still waiting for my delivery Please look into this.,Medium
"Please help me, Someone accessed my account Please help me with this issue.",High
I am facing an issue where Can you tell me where my package is? I need assistance.,Medium
I need help because How do I update my preferences? Please help me with this issue.,Low
I am having a problem because Can I change my notification settings? Please check this for me.,Low
My order is delayed What should I do?,Medium
I need assistance because I think someone has hacked my account Please check this for me.,High
I need assistance because Can I update my account details? Can you check this?,Low
Could you please help? My order has not arrived yet Can you help me?,Medium
"Please help me, Can I change the address on my account? Can you resolve this?",Low
"I would like to know, When will my order arrive? Please help.",Medium
I am having a problem because There is an unauthorized payment on my account Can you resolve this?,High
Can someone help me? Where is my package? Please check this for me.,Medium
I am having a problem because Someone accessed my account Can you resolve this?,High
I am facing an issue where The delivery is two days late Please help.,Medium
"Please help me, The courier has not delivered my order Please help me with this issue.",Medium
Can someone help me? How do I update my preferences? Please help.,Low
I am having a problem because My package is still in transit Please help me with this issue.,Medium
I am having a problem because My order is taking longer than expected I need assistance.,Medium
"I would like to know, There is a fraudulent transaction on my account Please check this for me.",High
"Please help me, I want to update my phone number Please look into this.",Low
I am facing an issue where My package is still in transit I need assistance.,Medium
"Please help me, When will my order arrive? Please check this for me.",Medium
Can someone help me? I want to modify my profile I need assistance.,Low
I need assistance because How can I update my profile? I need assistance.,Low
Could you please help? There is a fraudulent transaction on my account Please check this for me.,High
"Please help me, Can I change my notification settings? Please look into this.",Low
I need help because I cannot access my account after suspicious activity Please look into this.,High
"I would like to know, Where can I update my phone number? What should I do?",Low
I need help because I cannot access my account after suspicious activity I need assistance.,High
I am having a problem because I want to modify my profile Can you help me?,Low
I need assistance because My delivery is late,Medium
I noticed a payment that I did not make Can you help me?,High
I need help because I want to update my phone number Can you help me?,Low
"I would like to know, My package is still in transit What should I do?",Medium
Can I change my notification settings? I need assistance.,Low
My package is stuck in transit Can you help me?,Medium
Can you help me? My payment was deducted but the order failed,High
Could you please help? Can I update my personal information?,Low
"I would like to know, There is suspicious activity on my account What should I do?",High
Can someone help me? Where can I update my phone number? Can you check this?,Low
My payment was deducted but the order failed Can you resolve this?,High
"I would like to know, How can I change my account details? Can you resolve this?",Low
Could you please help? How do I change my account name? Please look into this.,Low
I am having a problem because There is an unauthorized payment on my account Please help me with this issue.,High
Can you help me? There is an unauthorized payment on my account,High
My card was charged for a purchase I did not make Can you check this?,High
"Please help me, My account is completely locked Please check this for me.",High
My order has not arrived yet Please check this for me.,Medium
I am having a problem because I noticed a payment that I did not make,High
Could you please help? Someone made a purchase using my account What should I do?,High
